practice_code_dem,practice_code_gp,practice_name,postcode,pcn_ods_code,pcn_name,sub_icb_ods_code,icb_code,icb_name,supplier,latitude,longitude
G83001,G83001,MANOR BROOK PMS,SE3 0EN,U00254,BLACKHEATH AND CHARLTON PCN,72Q,QKK,NHS South East London Integrated Care Board,EMIS,51.4691732,0.0251536
G83002,G83002,THE WESTWOOD SURGERY,DA16 2HE,U88820,CLOCKTOWER PCN,72Q,QKK,NHS South East London Integrated Care Board,EMIS,51.46318,0.0973
G83004,G83004,BARNARD MEDICAL GROUP,DA14 4TA,U50197,FROGNAL PCN,72Q,QKK,NHS South East London Integrated Care Board,EMIS,51.4280302,0.1055923
G83006,G83006,THE ALBION SURGERY,DA6 7LP,U07140,APL BEXLEY PCN,72Q,QKK,NHS South East London Integrated Care Board,EMIS,51.45398,0.1474
G83009,G83009,BELLEGROVE SURGERY,DA16 3RE,U88820,CLOCKTOWER PCN,72Q,QKK,NHS South East London Integrated Care Board,EMIS,51.464615,0.0957626
G83010,G83010,NORTHUMBERLAND HEATH MED.CTR.,DA8 3DB,U67110,NORTH BEXLEY PCN,72Q,QKK,NHS South East London Integrated Care Board,EMIS,51.47693,0.166
G83012,G83012,GALLIONS REACH HEALTH CENTRE,SE28 8BE,U11690,RIVERVIEW HEALTH PCN,72Q,QKK,NHS South East London Integrated Care Board,EMIS,51.5056746,0.1094505
G83013,G83013,BLACKHEATH STANDARD PMS,SE3 7HB,U00254,BLACKHEATH AND CHARLTON PCN,72Q,QKK,NHS South East London Integrated Care Board,EMIS,51.4781436,0.0198736
G83015,G83015,ELTHAM PALACE PMS,SE9 5DQ,U39263,ELTHAM PCN,72Q,QKK,NHS South East London Integrated Care Board,EMIS,51.4501135,0.0539456
G83016,G83016,ROYAL ARSENAL MEDICAL CENTRE,SE18 6TE,U11690,RIVERVIEW HEALTH PCN,72Q,QKK,NHS South East London Integrated Care Board,EMIS,51.4924668,0.0734763
G83018,G83018,LAKESIDE MEDICAL,SE2 9LH,U67110,NORTH BEXLEY PCN,72Q,QKK,NHS South East London Integrated Care Board,EMIS,51.4965199,0.12245
G83019,G83019,PLUMSTEAD H/C PMS,SE18 1BB,U93499,UNITY (GREENWICH) PCN,72Q,QKK,NHS South East London Integrated Care Board,EMIS,51.48595,0.092
G83021,G83021,VANBRUGH GROUP PRACTICE,SE10 9GB,U00254,BLACKHEATH AND CHARLTON PCN,72Q,QKK,NHS South East London Integrated Care Board,EMIS,51.4857874,0.0085557
G83024,G83024,INGLETON AVENUE SURGERY,DA16 2JZ,U,Unallocated,72Q,QKK,NHS South East London Integrated Care Board,Unknown,51.4540099,0.10409
G83025,G83025,WELLING MEDICAL PRACTICE,DA16 2AT,U88820,CLOCKTOWER PCN,72Q,QKK,NHS South East London Integrated Care Board,EMIS,51.46084,0.10797
G83026,G83026,TRIVENI PMS,SE18 5TE,U24992,HERITAGE PCN,72Q,QKK,NHS South East London Integrated Care Board,EMIS,51.4903553,0.0587102
G83027,G83027,EVEREST HEALTH PARTNERSHIP,SE9 6ER,U39263,ELTHAM PCN,72Q,QKK,NHS South East London Integrated Care Board,EMIS,51.4546799,0.0494724
G83028,G83028,BEXLEY GROUP PRACTICE,DA16 3HQ,U88820,CLOCKTOWER PCN,72Q,QKK,NHS South East London Integrated Care Board,EMIS,51.4658299,0.10966
G83029,G83029,PLAS MEDDYG SURGERY,DA5 1HU,U07140,APL BEXLEY PCN,72Q,QKK,NHS South East London Integrated Care Board,EMIS,51.44285,0.14437
G83030,G83030,ALL SAINTS MEDICAL CENTRE PMS,SE18 3PS,U93499,UNITY (GREENWICH) PCN,72Q,QKK,NHS South East London Integrated Care Board,EMIS,51.47913,0.06623
G83031,G83031,ABBEY WOOD SURGERY,SE2 9AT,U93499,UNITY (GREENWICH) PCN,72Q,QKK,NHS South East London Integrated Care Board,EMIS,51.4972105,0.1173417
G83033,G83033,DR DAVIES & PARTNER,DA7 5HL,U88820,CLOCKTOWER PCN,72Q,QKK,NHS South East London Integrated Care Board,EMIS,51.47228,0.13952
G83039,G83039,ST MARKS PMS,SE18 3EP,U11690,RIVERVIEW HEALTH PCN,72Q,QKK,NHS South East London Integrated Care Board,EMIS,51.48111,0.07257
G83044,G83044,FAIRFIELD PMS,SE7 8TX,U00254,BLACKHEATH AND CHARLTON PCN,72Q,QKK,NHS South East London Integrated Care Board,EMIS,51.48391,0.03895
G83046,G83046,BURSTED WOOD SURGERY,DA7 6HZ,U07140,APL BEXLEY PCN,72Q,QKK,NHS South East London Integrated Care Board,EMIS,51.4655522,0.1520325
G83049,G83049,LYNDHURST ROAD MEDICAL CENTRE,DA7 6DL,U07140,APL BEXLEY PCN,72Q,QKK,NHS South East London Integrated Care Board,EMIS,51.46125,0.15877
G83052,G83052,BELVEDERE MEDICAL CENTRE,DA17 5LQ,U67110,NORTH BEXLEY PCN,72Q,QKK,NHS South East London Integrated Care Board,EMIS,51.4818589,0.1446591
G83053,G83053,BEXLEY MEDICAL GROUP,DA7 5RB,U67110,NORTH BEXLEY PCN,72Q,QKK,NHS South East London Integrated Care Board,EMIS,51.47506,0.12797
G83057,G83057,WOODLANDS SURGERY,DA15 8DF,U50197,FROGNAL PCN,72Q,QKK,NHS South East London Integrated Care Board,EMIS,51.4394676,0.0894572
G83058,G83058,PRIMECARE PMS (SOUTH STREET),SE10 8NT,U39263,ELTHAM PCN,72Q,QKK,NHS South East London Integrated Care Board,EMIS,51.4763856,-0.0124388
G83060,G83060,GLYNDON PMS,SE18 7LU,U93499,UNITY (GREENWICH) PCN,72Q,QKK,NHS South East London Integrated Care Board,EMIS,51.48739,0.0795899
G83062,G83062,SLADE GREEN MEDICAL CTR.,DA8 2HS,U67110,NORTH BEXLEY PCN,72Q,QKK,NHS South East London Integrated Care Board,EMIS,51.4706072,0.1897039
G83065,G83065,BURNEY STREET PMS,SE10 8EX,U46593,GREENWICH WEST PCN,72Q,QKK,NHS South East London Integrated Care Board,EMIS,51.4789917,-0.0089286
G83066,G83066,SIDCUP MEDICAL CENTRE,DA14 6BU,U50197,FROGNAL PCN,72Q,QKK,NHS South East London Integrated Care Board,EMIS,51.4234681,0.105978
G83067,G83067,VALENTINE HEALTH PARTNERSHIP,SE18 6PZ,U94126,VALENTINE HEALTH PCN,72Q,QKK,NHS South East London Integrated Care Board,EMIS,51.4921162,0.0617016
G83628,G83628,NEW ELTHAM AND BLACKFEN MEDICAL CENTRE,SE9 3PT,U39263,ELTHAM PCN,72Q,QKK,NHS South East London Integrated Care Board,EMIS,51.4345554,0.0741111
G83630,G83630,RIVERSIDE SURGERY,DA8 1RQ,U67110,NORTH BEXLEY PCN,72Q,QKK,NHS South East London Integrated Care Board,EMIS,51.4796655,0.1806988
G83631,G83631,ABBEYSLADE PMS (DR CHAND),SE2 0ER,U24992,HERITAGE PCN,72Q,QKK,NHS South East London Integrated Care Board,EMIS,51.4876737,0.1074671
G83633,G83633,CONWAY PMS,SE18 1AH,U11690,RIVERVIEW HEALTH PCN,72Q,QKK,NHS South East London Integrated Care Board,EMIS,51.4872614,0.086383
G83635,G83635,WAVERLEY PMS,SE18 7QU,U24992,HERITAGE PCN,72Q,QKK,NHS South East London Integrated Care Board,EMIS,51.4824579,0.0831221
G83641,G83641,PLUMBRIDGE MEDICAL CENTRE,SE10 8PA,U46593,GREENWICH WEST PCN,72Q,QKK,NHS South East London Integrated Care Board,EMIS,51.47321,-0.01399
G83642,G83642,CRAYFORD TOWN SURGERY,DA1 4ER,U67110,NORTH BEXLEY PCN,72Q,QKK,NHS South East London Integrated Care Board,EMIS,51.45012,0.1812
G83647,G83647,PLUMSTEAD AND WICKHAM LANE SURGERY,SE18 1SE,U24992,HERITAGE PCN,72Q,QKK,NHS South East London Integrated Care Board,EMIS,51.487441,0.0928497
G83651,G83651,WOODLANDS SURGERY,SE10 9UB,U46593,GREENWICH WEST PCN,72Q,QKK,NHS South East London Integrated Care Board,EMIS,51.4847944,0.0046615
G83654,G83654,BANNOCKBURN SURGERY,SE18 1ES,U24992,HERITAGE PCN,72Q,QKK,NHS South East London Integrated Care Board,EMIS,51.4884484,0.0945717
G83673,G83673,ELMSTEAD MEDICAL CLINIC,SE9 3JD,U39263,ELTHAM PCN,72Q,QKK,NHS South East London Integrated Care Board,EMIS,51.4321325,0.0590876
G83680,G83680,ELTHAM MEDICAL PRACTICE,SE9 5DQ,U39263,ELTHAM PCN,72Q,QKK,NHS South East London Integrated Care Board,EMIS,51.4501135,0.0539456
G84003,G84003,LINKS MEDICAL PRACTICE,BR1 4PX,U03551,"MOTTINGHAM, DOWNHAM & CHISLEHURST PCN",72Q,QKK,NHS South East London Integrated Care Board,EMIS,51.4199018,0.0147575
G84004,G84004,STOCK HILL SURGERY,TN16 3TJ,U77447,FIVE ELMS PCN,72Q,QKK,NHS South East London Integrated Care Board,EMIS,51.31207,0.03181
G84006,G84006,SUMMERCROFT SURGERY,BR6 7AR,U77447,FIVE ELMS PCN,72Q,QKK,NHS South East London Integrated Care Board,EMIS,51.3676734,0.0593949
G84008,G84008,MANOR ROAD SURGERY,BR3 5LE,U36188,BECKENHAM PCN,72Q,QKK,NHS South East London Integrated Care Board,EMIS,51.4073154,-0.0244722
G84009,G84009,FAMILY SURGERY,BR6 6BG,U87524,ORPINGTON PCN,72Q,QKK,NHS South East London Integrated Care Board,EMIS,51.3546993,0.0899829
G84010,G84010,THE CHISLEHURST PARTNERSHIP,BR7 5AQ,U03551,"MOTTINGHAM, DOWNHAM & CHISLEHURST PCN",72Q,QKK,NHS South East London Integrated Care Board,EMIS,51.4192575,0.0670161
G84011,G84011,EDEN PARK SURGERY,BR3 4DQ,U36188,BECKENHAM PCN,72Q,QKK,NHS South East London Integrated Care Board,EMIS,51.3992865,-0.0413247
G84015,G84015,STATION ROAD SURGERY,BR4 0PU,U98580,HAYES WICK PCN,72Q,QKK,NHS South East London Integrated Care Board,EMIS,51.3767803,-0.0148908
G84017,G84017,ADDINGTON ROAD SURGERY,BR4 9BG,U98580,HAYES WICK PCN,72Q,QKK,NHS South East London Integrated Care Board,EMIS,51.3690799,-0.0039699
G84018,G84018,CORNERWAYS SURGERY,BR3 5LG,U36188,BECKENHAM PCN,72Q,QKK,NHS South East London Integrated Care Board,EMIS,51.4070834,-0.0202668
G84020,G84020,CHELSFIELD SURGERY,BR6 6HD,U87524,ORPINGTON PCN,72Q,QKK,NHS South East London Integrated Care Board,EMIS,51.3557871,0.1032926
G84023,G84023,SOUTHBOROUGH LANE SURGERY,BR2 9GT,U77447,FIVE ELMS PCN,72Q,QKK,NHS South East London Integrated Care Board,EMIS,51.386853,0.0383106
G84024,G84024,BROMLEY COMMON PRACTICE,BR2 9GT,U77447,FIVE ELMS PCN,72Q,QKK,NHS South East London Integrated Care Board,EMIS,51.386853,0.0383106
G84027,G84027,ELM HOUSE SURGERY,BR3 3FD,U36188,BECKENHAM PCN,72Q,QKK,NHS South East London Integrated Care Board,EMIS,51.4049547,-0.0330561
G84028,G84028,ST JAMES' PRACTICE,BR3 4DG,U36188,BECKENHAM PCN,72Q,QKK,NHS South East London Integrated Care Board,EMIS,51.3991973,-0.0436288
G84030,G84030,FORGE CLOSE SURGERY,BR2 7LL,U98580,HAYES WICK PCN,72Q,QKK,NHS South East London Integrated Care Board,EMIS,51.3771474,0.0166243
G84032,G84032,KNOLL MEDICAL PRACTICE,BR6 0FE,U87524,ORPINGTON PCN,72Q,QKK,NHS South East London Integrated Care Board,EMIS,51.3756992,0.101183
G84033,G84033,PICKHURST SURGERY,BR2 7JF,U98580,HAYES WICK PCN,72Q,QKK,NHS South East London Integrated Care Board,EMIS,51.3780987,0.0105741
G84035,G84035,TUDOR WAY SURGERY,BR5 1LH,U87524,ORPINGTON PCN,72Q,QKK,NHS South East London Integrated Care Board,EMIS,51.3894083,0.0791723
G84039,G84039,NORHEADS LANE SURGERY,TN16 3XS,U77447,FIVE ELMS PCN,72Q,QKK,NHS South East London Integrated Care Board,EMIS,51.31454,0.02674
G84040,G84040,BALLATER SURGERY,BR6 0DP,U87524,ORPINGTON PCN,72Q,QKK,NHS South East London Integrated Care Board,EMIS,51.382202,0.0950126
G84607,G84607,WICKHAM PARK SURGERY,BR4 9PS,U98580,HAYES WICK PCN,72Q,QKK,NHS South East London Integrated Care Board,EMIS,51.3762783,-0.0233832
G84609,G84609,BANK HOUSE SURGERY,BR6 7BA,U87524,ORPINGTON PCN,72Q,QKK,NHS South East London Integrated Care Board,EMIS,51.3592763,0.0690572
G84621,G84621,WHITEHOUSE SURGERY,BR5 1EL,U87524,ORPINGTON PCN,72Q,QKK,NHS South East London Integrated Care Board,EMIS,51.3824377,0.0779955
G84627,G84627,GREEN STREET GREEN MED CT,BR6 6BG,U87524,ORPINGTON PCN,72Q,QKK,NHS South East London Integrated Care Board,EMIS,51.3546993,0.0899829
G85001,G85001,FOREST HILL GROUP PRACTICE,SE22 0SQ,U60094,SOUTH SOUTHWARK PCN,72Q,QKK,NHS South East London Integrated Care Board,EMIS,51.45362,-0.06154
G85002,G85002,STREATHAM HIGH PRACTICE,SW16 2ST,U18315,AT MEDICS STREATHAM PCN,72Q,QKK,NHS South East London Integrated Care Board,EMIS,51.4325162,-0.1279028
G85006,G85006,THE ACORN & GAUMONT HOUSE SURGERY,SE15 5SL,U60094,SOUTH SOUTHWARK PCN,72Q,QKK,NHS South East London Integrated Care Board,EMIS,51.4741583,-0.0666568
G85011,G85011,CLAPHAM FAMILY PRACTICE,SW4 7DB,U45098,CLAPHAM PCN,72Q,QKK,NHS South East London Integrated Care Board,EMIS,51.4629946,-0.1329797
G85013,G85013,CAMBERWELL GREEN SURGERY,SE5 7AF,U60094,SOUTH SOUTHWARK PCN,72Q,QKK,NHS South East London Integrated Care Board,EMIS,51.4745407,-0.0933737
G85014,G85014,STREATHAM COMMON PRACTICE,SW16 3NP,U99355,STREATHAM PCN,72Q,QKK,NHS South East London Integrated Care Board,EMIS,51.41862,-0.12667
G85015,G85015,THE QRP SURGERY,SE14 5HD,U53896,NORTH LEWISHAM PCN,72Q,QKK,NHS South East London Integrated Care Board,EMIS,51.4742473,-0.047161
G85016,G85016,HERNE HILL GROUP PRACTICE,SE24 9QP,U39721,"HILLS, BROOKS & DALES GROUP PCN",72Q,QKK,NHS South East London Integrated Care Board,EMIS,51.4558485,-0.0987073
G85019,G85019,TRAFALGAR SURGERY,SE15 6NR,U06180,NORTH SOUTHWARK PCN,72Q,QKK,NHS South East London Integrated Care Board,EMIS,51.4864343,-0.0742731
G85020,G85020,KINGFISHER MEDICAL CENTRE,SE8 5DA,U53896,NORTH LEWISHAM PCN,72Q,QKK,NHS South East London Integrated Care Board,EMIS,51.4818799,-0.0305
G85021,G85021,PRENTIS MEDICAL CENTRE,SW16 1XU,U39721,"HILLS, BROOKS & DALES GROUP PCN",72Q,QKK,NHS South East London Integrated Care Board,EMIS,51.43049,-0.13014
G85022,G85022,NORTH WOOD GROUP PRACTICE,SE19 3NY,U39721,"HILLS, BROOKS & DALES GROUP PCN",72Q,QKK,NHS South East London Integrated Care Board,EMIS,51.4234129,-0.0989966
G85023,G85023,LEWISHAM MEDICAL CENTRE,SE13 5PJ,U21222,LEWISHAM ALLIANCE PCN,72Q,QKK,NHS South East London Integrated Care Board,EMIS,51.4585288,0.004467
G85024,G85024,SYDENHAM GREEN GROUP PRACTICE,SE26 4TH,U23546,APLOS HEALTH PCN,72Q,QKK,NHS South East London Integrated Care Board,EMIS,51.42918,-0.03921
G85025,G85025,BRIXTON HILL GROUP PRACTICE,SW2 1AE,U39721,"HILLS, BROOKS & DALES GROUP PCN",72Q,QKK,NHS South East London Integrated Care Board,EMIS,51.4522162,-0.1203031
G85026,G85026,CLIFTON RISE FAMILY PRACTICE,SE8 4BG,U53896,NORTH LEWISHAM PCN,72Q,QKK,NHS South East London Integrated Care Board,EMIS,51.4768949,-0.0310493
G85028,G85028,STOCKWELL GROUP PRACTICE,SW9 9TJ,U65434,STOCKWELLBEING PCN,72Q,QKK,NHS South East London Integrated Care Board,EMIS,51.4680027,-0.1175571
G85029,G85029,FALMOUTH ROAD GROUP PRACTICE,SE1 4JW,U06180,NORTH SOUTHWARK PCN,72Q,QKK,NHS South East London Integrated Care Board,EMIS,51.49672,-0.0932999
G85030,G85030,PARKSIDE MEDICAL CENTRE,SE5 7AQ,U60094,SOUTH SOUTHWARK PCN,72Q,QKK,NHS South East London Integrated Care Board,EMIS,51.47583,-0.09264
G85031,G85031,DMC CHADWICK ROAD,SE15 4PU,U60094,SOUTH SOUTHWARK PCN,72Q,QKK,NHS South East London Integrated Care Board,EMIS,51.4679734,-0.0741121
G85032,G85032,TORRIDON ROAD MEDICAL PRACTICE,SE6 1RB,U58020,SEVENFIELDS PCN,72Q,QKK,NHS South East London Integrated Care Board,EMIS,51.44011,-0.00211
G85034,G85034,NEXUS HEALTH GROUP,SE1 6JP,U06180,NORTH SOUTHWARK PCN,72Q,QKK,NHS South East London Integrated Care Board,EMIS,51.49562,-0.10196
G85038,G85038,THE LEWISHAM CARE PARTNERSHIP,SE13 7SX,U11059,LEWISHAM CARE PARTNERSHIP PCN,72Q,QKK,NHS South East London Integrated Care Board,EMIS,51.4673057,-0.0221182
G85039,G85039,PAXTON GREEN GROUP PRACTICE,SE21 8AU,U60524,CROXTED PCN,72Q,QKK,NHS South East London Integrated Care Board,EMIS,51.4298421,-0.0860863
G85040,G85040,QUEENS ROAD SURGERY,SE15 2UA,U60094,SOUTH SOUTHWARK PCN,72Q,QKK,NHS South East London Integrated Care Board,EMIS,51.4751124,-0.0640488
G85041,G85041,PALACE ROAD SURGERY,SW2 3DY,U99355,STREATHAM PCN,72Q,QKK,NHS South East London Integrated Care Board,EMIS,51.4436118,-0.1203601
G85042,G85042,ST GILES SURGERY,SE5 7RF,U60094,SOUTH SOUTHWARK PCN,72Q,QKK,NHS South East London Integrated Care Board,EMIS,51.4745623,-0.0841188
G85044,G85044,VALLEY ROAD SURGERY,SW16 2XT,U99355,STREATHAM PCN,72Q,QKK,NHS South East London Integrated Care Board,EMIS,51.428592,-0.1194268
G85045,G85045,HETHERINGTON GROUP PRACTICE,SW4 7NU,U36779,BRIXTON AND CLAPHAM PARK PCN,72Q,QKK,NHS South East London Integrated Care Board,EMIS,51.460888,-0.1281709
G85046,G85046,LEE ROAD SURGERY,SE3 9RT,U21222,LEWISHAM ALLIANCE PCN,72Q,QKK,NHS South East London Integrated Care Board,EMIS,51.462637,0.0097512
G85047,G85047,KNIGHTS HILL SURGERY SUITE 1,SE27 0DF,U39721,"HILLS, BROOKS & DALES GROUP PCN",72Q,QKK,NHS South East London Integrated Care Board,EMIS,51.4324626,-0.1057206
G85051,G85051,ELM LODGE SURGERY,SE24 9HJ,U60094,SOUTH SOUTHWARK PCN,72Q,QKK,NHS South East London Integrated Care Board,EMIS,51.4517313,-0.0957848
G85052,G85052,OLD KENT ROAD SURGERY,SE1 5TY,U06180,NORTH SOUTHWARK PCN,72Q,QKK,NHS South East London Integrated Care Board,EMIS,51.4904071,-0.0810628
G85053,G85053,HURLEY AND RIVERSIDE PRACTICES,SE11 4HJ,U38045,NORTH LAMBETH PCN,72Q,QKK,NHS South East London Integrated Care Board,EMIS,51.49067,-0.10674
G85054,G85054,LAMBETH WALK GROUP PRACTICE,SW9 6AF,U38045,NORTH LAMBETH PCN,72Q,QKK,NHS South East London Integrated Care Board,EMIS,51.475724,-0.1051357
G85057,G85057,ASHDOWN MEDICAL GROUP,BR1 5EP,U58020,SEVENFIELDS PCN,72Q,QKK,NHS South East London Integrated Care Board,EMIS,51.4271705,0.0094637
G85061,G85061,WOOLSTONE MEDICAL CENTRE,SE23 2SG,U23546,APLOS HEALTH PCN,72Q,QKK,NHS South East London Integrated Care Board,EMIS,51.4389336,-0.0347302
G85073,G85073,VASSALL MEDICAL CENTRE,SW9 6NA,U41041,FIVEWAYS PCN,72Q,QKK,NHS South East London Integrated Care Board,EMIS,51.4775975,-0.1084331
G85076,G85076,NEW CROSS CENTRE (HURLEY GROUP),SE14 6LD,U53896,NORTH LEWISHAM PCN,72Q,QKK,NHS South East London Integrated Care Board,EMIS,51.4767181,-0.0317383
G85083,G85083,SANDMERE PRACTICE,SW4 7QJ,U45098,CLAPHAM PCN,72Q,QKK,NHS South East London Integrated Care Board,EMIS,51.4625704,-0.1268055
G85084,G85084,PENROSE SURGERY,SE17 3DW,U06180,NORTH SOUTHWARK PCN,72Q,QKK,NHS South East London Integrated Care Board,EMIS,51.4871058,-0.0978824
G85085,G85085,GROVE MEDICAL CENTRE,SE8 3QH,U53896,NORTH LEWISHAM PCN,72Q,QKK,NHS South East London Integrated Care Board,EMIS,51.4902419,-0.0352882
G85086,G85086,THE SOUTH LAMBETH RD PRACTICE,SW8 1UL,U38045,NORTH LAMBETH PCN,72Q,QKK,NHS South East London Integrated Care Board,EMIS,51.47657,-0.12367
G85087,G85087,SILVERLOCK MEDICAL CENTRE,SE16 3HA,U06180,NORTH SOUTHWARK PCN,72Q,QKK,NHS South East London Integrated Care Board,EMIS,51.4859578,-0.063336
G85091,G85091,THE THREE ZERO SIX MEDICAL CENTRE,SE22 8LY,U60094,SOUTH SOUTHWARK PCN,72Q,QKK,NHS South East London Integrated Care Board,EMIS,51.45074,-0.0764
G85096,G85096,THE VALE SURGERY,SW16 5SE,U99355,STREATHAM PCN,72Q,QKK,NHS South East London Integrated Care Board,EMIS,51.41725,-0.13666
G85100,G85100,BECKETT HOUSE PRACTICE,SW9 9DL,U65434,STOCKWELLBEING PCN,72Q,QKK,NHS South East London Integrated Care Board,EMIS,51.46949,-0.12355
G85102,G85102,GRAY'S INN MEDICAL GROUP VAUXHALL,SE11 5NH,U38045,NORTH LAMBETH PCN,72Q,QKK,NHS South East London Integrated Care Board,EMIS,51.4899143,-0.118945
G85105,G85105,VESTA ROAD SURGERY,SE4 2NH,U53896,NORTH LEWISHAM PCN,72Q,QKK,NHS South East London Integrated Care Board,EMIS,51.4687302,-0.0408849
G85109,G85109,CLAPHAM PARK GROUP PRACTICE,SW4 8JP,U36779,BRIXTON AND CLAPHAM PARK PCN,72Q,QKK,NHS South East London Integrated Care Board,EMIS,51.4517618,-0.1352711
G85114,G85114,WELLS PARK PRACTICE,SE26 6JQ,U23546,APLOS HEALTH PCN,72Q,QKK,NHS South East London Integrated Care Board,EMIS,51.43052,-0.06312
G85119,G85119,STERNHALL LANE SURGERY,SE15 4NT,U60094,SOUTH SOUTHWARK PCN,72Q,QKK,NHS South East London Integrated Care Board,EMIS,51.4667203,-0.0674371
G85120,G85120,TRIANGLE GROUP PRACTICE,SE13 6DQ,U21222,LEWISHAM ALLIANCE PCN,72Q,QKK,NHS South East London Integrated Care Board,EMIS,51.4578484,-0.0106813
G85121,G85121,PARKVIEW SURGERY,SE6 1AT,U58020,SEVENFIELDS PCN,72Q,QKK,NHS South East London Integrated Care Board,EMIS,51.4449141,-0.0072445
G85123,G85123,BINFIELD ROAD SURGERY,SW4 6TB,U65434,STOCKWELLBEING PCN,72Q,QKK,NHS South East London Integrated Care Board,EMIS,51.474463,-0.1254355
G85125,G85125,PARK MEDICAL CENTRE,SE16 2PE,U06180,NORTH SOUTHWARK PCN,72Q,QKK,NHS South East London Integrated Care Board,EMIS,51.492017,-0.0495384
G85127,G85127,THE CORNER SURGERY,SE5 9NS,U41041,FIVEWAYS PCN,72Q,QKK,NHS South East London Integrated Care Board,EMIS,51.4697686,-0.0955729
G85129,G85129,THE DEERBROOK SURGERY,SE27 9AW,U41041,FIVEWAYS PCN,72Q,QKK,NHS South East London Integrated Care Board,EMIS,51.4380028,-0.106027
G85130,G85130,MAWBEY GROUP PRACTICE,SW8 2UD,U38045,NORTH LAMBETH PCN,72Q,QKK,NHS South East London Integrated Care Board,EMIS,51.47928,-0.12523
G85132,G85132,TESSA JOWELL GP SURGERY,SE22 8EY,U60094,SOUTH SOUTHWARK PCN,72Q,QKK,NHS South East London Integrated Care Board,EMIS,51.4592889,-0.0803605
G85134,G85134,THE LISTER PRIMARY CARE CENTRE,SE15 5LJ,U60094,SOUTH SOUTHWARK PCN,72Q,QKK,NHS South East London Integrated Care Board,EMIS,51.47444,-0.07525
G85135,G85135,MINET GREEN HEALTH PRACTICE,SW9 6AF,U41041,FIVEWAYS PCN,72Q,QKK,NHS South East London Integrated Care Board,EMIS,51.475724,-0.1051357
G85136,G85136,WATERLOO HEALTH CENTRE,SE1 7AE,U38045,NORTH LAMBETH PCN,72Q,QKK,NHS South East London Integrated Care Board,EMIS,51.5004508,-0.1137038
G85137,G85137,BROCKWELL PARK SURGERY,SE24 9AE,U60524,CROXTED PCN,72Q,QKK,NHS South East London Integrated Care Board,EMIS,51.44879,-0.10154
G85138,G85138,ALBION STREET GROUP PRACTICE,SE16 7JX,U06180,NORTH SOUTHWARK PCN,72Q,QKK,NHS South East London Integrated Care Board,EMIS,51.500958,-0.0507467
G85623,G85623,BERMONDSEY SPA MEDICAL CENTRE,SE16 4BL,U06180,NORTH SOUTHWARK PCN,72Q,QKK,NHS South East London Integrated Care Board,EMIS,51.49695,-0.06949
G85632,G85632,THE VILLA STREET MEDICAL CENTRE,SE17 2EL,U06180,NORTH SOUTHWARK PCN,72Q,QKK,NHS South East London Integrated Care Board,EMIS,51.4865724,-0.0882521
G85633,G85633,NOVUM HEALTH PARTNERSHIP,SE6 4JH,U42936,RAVENSBOURNE PCN LTD,72Q,QKK,NHS South East London Integrated Care Board,EMIS,51.4495853,-0.0181825
G85642,G85642,BLACKFRIARS MEDICAL PRACTICE,SE1 8EE,U06180,NORTH SOUTHWARK PCN,72Q,QKK,NHS South East London Integrated Care Board,EMIS,51.50536,-0.10578
G85644,G85644,THE GARDENS SURGERY,SE22 9QU,U60094,SOUTH SOUTHWARK PCN,72Q,QKK,NHS South East London Integrated Care Board,EMIS,51.460648,-0.0668817
G85647,G85647,THE EXCHANGE SURGERY,SW16 2ST,U99355,STREATHAM PCN,72Q,QKK,NHS South East London Integrated Care Board,EMIS,51.4325162,-0.1279028
G85651,G85651,THE DULWICH MEDICAL CENTRE,SE22 9EP,U60094,SOUTH SOUTHWARK PCN,72Q,QKK,NHS South East London Integrated Care Board,EMIS,51.4554182,-0.0715448
G85662,G85662,THE STREATHAM HILL GROUP PRACTICE,SW16 2PG,U99355,STREATHAM PCN,72Q,QKK,NHS South East London Integrated Care Board,EMIS,51.43732,-0.1264
G85673,G85673,SPRINGFIELD MEDICAL CENTRE,SW8 2SH,U65434,STOCKWELLBEING PCN,72Q,QKK,NHS South East London Integrated Care Board,EMIS,51.4707413,-0.1326237
G85674,G85674,GRAFTON SQUARE SURGERY,SW4 0DE,U45098,CLAPHAM PCN,72Q,QKK,NHS South East London Integrated Care Board,EMIS,51.4642272,-0.1394472
G85681,G85681,THE LORDSHIP LANE SURGERY,SE22 8JN,U60094,SOUTH SOUTHWARK PCN,72Q,QKK,NHS South East London Integrated Care Board,EMIS,51.4482545,-0.0731461
G85685,G85685,THE NUNHEAD SURGERY,SE15 3LY,U60094,SOUTH SOUTHWARK PCN,72Q,QKK,NHS South East London Integrated Care Board,EMIS,51.464052,-0.0582332
G85690,G85690,HERNE HILL ROAD MEDICAL PRACTICE,SE24 0AU,U41041,FIVEWAYS PCN,72Q,QKK,NHS South East London Integrated Care Board,EMIS,51.4654044,-0.1003204
G85695,G85695,AKERMAN MEDICAL PRACTICE,SW9 6AF,U39721,"HILLS, BROOKS & DALES GROUP PCN",72Q,QKK,NHS South East London Integrated Care Board,EMIS,51.475724,-0.1051357
G85696,G85696,VALE MEDICAL CENTRE,SE23 2JF,U23546,APLOS HEALTH PCN,72Q,QKK,NHS South East London Integrated Care Board,EMIS,51.4354396,-0.0443932
G85698,G85698,AMERSHAM VALE TRAINING PRACTICE,SE14 6LD,U53896,NORTH LEWISHAM PCN,72Q,QKK,NHS South East London Integrated Care Board,EMIS,51.4767181,-0.0317383
G85706,G85706,THE OLD DAIRY HEALTH CENTRE,SE21 8SZ,U60524,CROXTED PCN,72Q,QKK,NHS South East London Integrated Care Board,EMIS,51.4367147,-0.0909317
G85708,G85708,DR CURRAN & PARTNERS,SW4 6EB,U45098,CLAPHAM PCN,72Q,QKK,NHS South East London Integrated Care Board,EMIS,51.46515,-0.13603
G85711,G85711,DEPTFORD SURGERY,SE14 6TJ,U53896,NORTH LEWISHAM PCN,72Q,QKK,NHS South East London Integrated Care Board,EMIS,51.4748984,-0.0270447
G85715,G85715,THE LISTER PRACTICE,SE15 5LJ,U60094,SOUTH SOUTHWARK PCN,72Q,QKK,NHS South East London Integrated Care Board,EMIS,51.47444,-0.07525
G85716,G85716,OAKVIEW FAMILY PRACTICE,BR1 5NJ,U58020,SEVENFIELDS PCN,72Q,QKK,NHS South East London Integrated Care Board,EMIS,51.4297818,0.0072352
G85721,G85721,EAST STREET,SE17 2GN,U06180,NORTH SOUTHWARK PCN,72Q,QKK,NHS South East London Integrated Care Board,EMIS,51.4877397,-0.0860229
G85722,G85722,WOODLANDS HEALTH CENTRE,SE13 6RN,U21222,LEWISHAM ALLIANCE PCN,72Q,QKK,NHS South East London Integrated Care Board,EMIS,51.4499562,-0.0053038
G85724,G85724,EDITH CAVELL PRACTICE,SW2 4TP,U18315,AT MEDICS STREATHAM PCN,72Q,QKK,NHS South East London Integrated Care Board,EMIS,51.4412515,-0.1245202
G85726,G85726,BRUNSWICK PARK FAMILY PRACTICE,SE5 7RF,U60094,SOUTH SOUTHWARK PCN,72Q,QKK,NHS South East London Integrated Care Board,EMIS,51.4745623,-0.0841188
G85727,G85727,NIGHTINGALE SURGERY,SE12 8NP,U21222,LEWISHAM ALLIANCE PCN,72Q,QKK,NHS South East London Integrated Care Board,EMIS,51.4530232,0.0088712
G85736,G85736,DEPTFORD MEDICAL CENTRE,SE14 6TG,U53896,NORTH LEWISHAM PCN,72Q,QKK,NHS South East London Integrated Care Board,EMIS,51.47453,-0.02709
Y00020,Y00020,THE GRANTHAM PRACTICE,SW9 9BH,U65434,STOCKWELLBEING PCN,72Q,QKK,NHS South East London Integrated Care Board,EMIS,51.47043,-0.12408
Y02974,Y02974,AT MEDICS,SE28 0NY,U11690,RIVERVIEW HEALTH PCN,72Q,QKK,NHS South East London Integrated Care Board,EMIS,51.4987883,0.089935
Y03063,Y03063,HETHERINGTON AT THE PAVILION,SW9 8DJ,U36779,BRIXTON AND CLAPHAM PARK PCN,72Q,QKK,NHS South East London Integrated Care Board,EMIS,51.4617329,-0.1163222
Y03755,Y03755,GREENWICH PENINSULA,SE10 0QN,U46593,GREENWICH WEST PCN,72Q,QKK,NHS South East London Integrated Care Board,EMIS,51.49326,0.01204
Y06113,Y06113,QHS GP CARE HOME SERVICE,SE16 4BL,U06180,NORTH SOUTHWARK PCN,72Q,QKK,NHS South East London Integrated Care Board,EMIS,51.49695,-0.06949
Y06345,Y06345,BROMLEAG CARE PRACTICE,BR3 1DU,U87524,ORPINGTON PCN,72Q,QKK,NHS South East London Integrated Care Board,EMIS,51.4096374,-0.0265951
Y06545,Y06545,SEL SPECIAL ALLOCATION PRACTICE,SE23 1RJ,U58020,SEVENFIELDS PCN,72Q,QKK,NHS South East London Integrated Care Board,EMIS,51.4429299,-0.0408699
Y07020,Y07020,ONE CARE LAMBETH,SE23 1RJ,U39721,"HILLS, BROOKS & DALES GROUP PCN",72Q,QKK,NHS South East London Integrated Care Board,EMIS,51.4429299,-0.0408699
Y08411,Y08411,ONE CARE LEWISHAM,SE23 1RJ,U53896,NORTH LEWISHAM PCN,72Q,QKK,NHS South East London Integrated Care Board,EMIS,51.4429299,-0.0408699
H83001,H83001,PORTLAND MEDICAL CENTRE,SE25 4QB,U44012,KESTON MOORINGS & PARKSIDE PCN,36L,QWE,NHS South West London Integrated Care Board,EMIS,51.3931755,-0.0670746
H83004,H83004,FARLEY ROAD MEDICAL PRACTICE,CR2 7NG,U52199,SELSDON ADDINGTON & SHIRLEY PCN,36L,QWE,NHS South West London Integrated Care Board,EMIS,51.3457999,-0.0665
H83005,H83005,UPPER NORWOOD GROUP PRACTICE,SE19 2NT,U33024,ONE THORNTON HEATH PCN,36L,QWE,NHS South West London Integrated Care Board,EMIS,51.41331,-0.08482
H83006,H83006,NEW ADDINGTON GROUP PRACTICE,CR0 0JA,U30526,MAYDAY SOUTH PCN,36L,QWE,NHS South West London Integrated Care Board,EMIS,51.3440606,-0.0181636
H83007,H83007,VIOLET LANE MEDICAL PRACTICE,CR0 4HN,U09071,GPNET5 PCN,36L,QWE,NHS South West London Integrated Care Board,EMIS,51.36037,-0.10797
H83008,H83008,NORTHWAY ROAD SURGERY,CR0 6JJ,U74798,CROYDON GP SUPER NETWORK PCN,36L,QWE,NHS South West London Integrated Care Board,EMIS,51.38656,-0.0792699
H83009,H83009,NORBURY MEDICAL PRACTICE,SW16 4NL,U85744,PRIMARY CARE NORTH CROYDON PCN,36L,QWE,NHS South West London Integrated Care Board,EMIS,51.40451,-0.12271
H83010,H83010,SOUTH NORWOOD HILL MEDICAL CENTRE,SE25 6BY,U33024,ONE THORNTON HEATH PCN,36L,QWE,NHS South West London Integrated Care Board,EMIS,51.40317,-0.08077
H83011,H83011,NORTH CROYDON MEDICAL CENTRE,CR7 7HQ,U30526,MAYDAY SOUTH PCN,36L,QWE,NHS South West London Integrated Care Board,EMIS,51.3879398,-0.1109796
H83012,H83012,ST JAMES MEDICAL CENTRE,CR0 2BZ,U92836,CROYDON LINK PCN,36L,QWE,NHS South West London Integrated Care Board,EMIS,51.3818015,-0.0929671
H83013,H83013,OLD COULSDON MEDICAL PRACTICE,CR5 1HF,U38734,SELSDON PURLEY & COULSDON HEALTH PCN,36L,QWE,NHS South West London Integrated Care Board,EMIS,51.3067798,-0.1183835
H83014,H83014,QUEENHILL MEDICAL PRACTICE,CR2 8DU,U52199,SELSDON ADDINGTON & SHIRLEY PCN,36L,QWE,NHS South West London Integrated Care Board,EMIS,51.3453567,-0.0657642
H83015,H83015,PARKSIDE GROUP PRACTICE,CR2 6EX,U44012,KESTON MOORINGS & PARKSIDE PCN,36L,QWE,NHS South West London Integrated Care Board,EMIS,51.3507007,-0.0979964
H83016,H83016,KESTON MEDICAL PRACTICE,CR8 2YL,U44012,KESTON MOORINGS & PARKSIDE PCN,36L,QWE,NHS South West London Integrated Care Board,EMIS,51.3404563,-0.1146336
H83017,H83017,BRIGSTOCK MEDICAL PRACTICE,CR7 7JN,U74798,CROYDON GP SUPER NETWORK PCN,36L,QWE,NHS South West London Integrated Care Board,EMIS,51.395139,-0.1088382
H83018,H83018,SELSDON PARK MEDICAL PRACTICE,CR2 8LG,U38734,SELSDON PURLEY & COULSDON HEALTH PCN,36L,QWE,NHS South West London Integrated Care Board,EMIS,51.34241,-0.06457
H83019,H83019,FRIENDS ROAD MEDICAL PRACTICE,CR0 1ED,U09071,GPNET5 PCN,36L,QWE,NHS South West London Integrated Care Board,EMIS,51.371199,-0.0948307
H83020,H83020,EVERSLEY MEDICAL CENTRE,CR7 6AR,U30526,MAYDAY SOUTH PCN,36L,QWE,NHS South West London Integrated Care Board,EMIS,51.3885099,-0.11191
H83021,H83021,LONDON ROAD MEDICAL PRACTICE,CR7 6AR,U30526,MAYDAY SOUTH PCN,36L,QWE,NHS South West London Integrated Care Board,EMIS,51.3885099,-0.11191
H83022,H83022,THORNTON HEATH MEDICAL CENTRE,CR7 8RL,U33024,ONE THORNTON HEATH PCN,36L,QWE,NHS South West London Integrated Care Board,EMIS,51.39775,-0.09609
H83023,H83023,MORLAND ROAD SURGERY,CR0 6HA,U74798,CROYDON GP SUPER NETWORK PCN,36L,QWE,NHS South West London Integrated Care Board,EMIS,51.3815051,-0.084165
H83024,H83024,WOODCOTE MEDICAL,CR8 3EE,U38734,SELSDON PURLEY & COULSDON HEALTH PCN,36L,QWE,NHS South West London Integrated Care Board,EMIS,51.3412115,-0.1242155
H83028,H83028,ADDINGTON MEDICAL PRACTICE,CR0 0JA,U52199,SELSDON ADDINGTON & SHIRLEY PCN,36L,QWE,NHS South West London Integrated Care Board,EMIS,51.3440606,-0.0181636
H83029,H83029,HARTLAND WAY SURGERY,CR0 8RG,U74798,CROYDON GP SUPER NETWORK PCN,36L,QWE,NHS South West London Integrated Care Board,EMIS,51.37437,-0.04578
H83030,H83030,BROOM ROAD MEDICAL PRACTICE,CR0 8NG,U52199,SELSDON ADDINGTON & SHIRLEY PCN,36L,QWE,NHS South West London Integrated Care Board,EMIS,51.3697029,-0.0302148
H83031,H83031,HALING PARK MEDICAL PRACTICE,CR2 6AD,U09071,GPNET5 PCN,36L,QWE,NHS South West London Integrated Care Board,EMIS,51.35708,-0.09811
H83033,H83033,ASHBURTON PARK MEDICAL CENTRE,CR0 7AG,U74798,CROYDON GP SUPER NETWORK PCN,36L,QWE,NHS South West London Integrated Care Board,EMIS,51.3835412,-0.0648266
H83034,H83034,WHITEHORSE PRACTICE,CR0 2JJ,U74798,CROYDON GP SUPER NETWORK PCN,36L,QWE,NHS South West London Integrated Care Board,EMIS,51.3863318,-0.0971602
H83037,H83037,AUCKLAND SURGERY,SE19 2DF,U33024,ONE THORNTON HEATH PCN,36L,QWE,NHS South West London Integrated Care Board,EMIS,51.409534,-0.0808947
H83039,H83039,STOVELL HOUSE SURGERY,CR0 6AH,U09071,GPNET5 PCN,36L,QWE,NHS South West London Integrated Care Board,EMIS,51.3789,-0.07538
H83042,H83042,LEANDER FAMILY PRACTICE,CR7 6JE,U85744,PRIMARY CARE NORTH CROYDON PCN,36L,QWE,NHS South West London Integrated Care Board,EMIS,51.39913,-0.1173
H83043,H83043,SHIRLEY MEDICAL CENTRE,CR0 8BH,U74798,CROYDON GP SUPER NETWORK PCN,36L,QWE,NHS South West London Integrated Care Board,EMIS,51.3754187,-0.0437597
H83044,H83044,EAST CROYDON MEDICAL CENTRE,CR0 6SD,U92836,CROYDON LINK PCN,36L,QWE,NHS South West London Integrated Care Board,EMIS,51.3753011,-0.0873518
H83049,H83049,HEADLEY DRIVE SURGERY,CR0 0QL,U30526,MAYDAY SOUTH PCN,36L,QWE,NHS South West London Integrated Care Board,EMIS,51.3532322,-0.0157344
H83051,H83051,THORNTON ROAD & VALLEY PARK SURGERY,CR0 4YD,U30526,MAYDAY SOUTH PCN,36L,QWE,NHS South West London Integrated Care Board,EMIS,51.3819332,-0.1273343
H83052,H83052,BRAMLEY AVENUE SURGERY,CR5 2DR,U38734,SELSDON PURLEY & COULSDON HEALTH PCN,36L,QWE,NHS South West London Integrated Care Board,EMIS,51.323263,-0.141516
H83053,H83053,PARCHMORE MEDICAL CENTRE,CR7 8LY,U33024,ONE THORNTON HEATH PCN,36L,QWE,NHS South West London Integrated Care Board,EMIS,51.4020995,-0.1008191
H83608,H83608,YOUR FAMILY PRACTICE,CR7 7JH,U85744,PRIMARY CARE NORTH CROYDON PCN,36L,QWE,NHS South West London Integrated Care Board,EMIS,51.3975924,-0.1023324
H83609,H83609,MERSHAM MEDICAL CENTRE,CR7 8JN,U33024,ONE THORNTON HEATH PCN,36L,QWE,NHS South West London Integrated Care Board,EMIS,51.4045158,-0.0969204
H83611,H83611,SELHURST MEDICAL CENTRE,SE25 5QA,U74798,CROYDON GP SUPER NETWORK PCN,36L,QWE,NHS South West London Integrated Care Board,EMIS,51.39007,-0.08895
H83624,H83624,FAIRVIEW MEDICAL CENTRE,SW16 5PX,U85744,PRIMARY CARE NORTH CROYDON PCN,36L,QWE,NHS South West London Integrated Care Board,EMIS,51.4119167,-0.1250671
H83627,H83627,BIRDHURST MEDICAL PRACTICE,CR2 7DX,U09071,GPNET5 PCN,36L,QWE,NHS South West London Integrated Care Board,EMIS,51.36521,-0.0926199
H83631,H83631,GREENSIDE GROUP PRACTICE,CR0 2UL,U74798,CROYDON GP SUPER NETWORK PCN,36L,QWE,NHS South West London Integrated Care Board,EMIS,51.38075,-0.1031799
H84002,H84002,PARK ROAD SURGERY,TW11 0AU,U84150,HAMPTON PCN,36L,QWE,NHS South West London Integrated Care Board,Unknown,51.4238433,-0.3345812
H84006,H84006,RICHMOND MEDICAL GROUP,SW14 8LP,U32828,SHEEN & BARNES PCN,36L,QWE,NHS South West London Integrated Care Board,EMIS,51.4657575,-0.2673272
H84007,H84007,ACORN GROUP PRACTICE,TW1 4EA,U49896,TEDDINGTON PCN,36L,QWE,NHS South West London Integrated Care Board,EMIS,51.4469806,-0.3290637
H84010,H84010,CANBURY MEDICAL CENTRE,KT2 6HR,U37262,CANBURY CHURCHILL ORCHARD BERRYLANDS PCN,36L,QWE,NHS South West London Integrated Care Board,EMIS,51.4142103,-0.2970713
H84012,H84012,YORK MEDICAL PRACTICE,TW1 3PA,U96434,EAST TWICKENHAM PCN,36L,QWE,NHS South West London Integrated Care Board,EMIS,51.4491084,-0.3254407
H84015,H84015,BRUNSWICK SURGERY,KT6 6EZ,U72231,SURBITON HEALTH CENTRE PCN,36L,QWE,NHS South West London Integrated Care Board,EMIS,51.3907904,-0.2996612
H84016,H84016,GROVES MEDICAL CENTRE,KT3 3TX,U88126,NEW MALDEN & WORCESTER PARK PCN,36L,QWE,NHS South West London Integrated Care Board,EMIS,51.4104383,-0.2614091
H84018,H84018,BROAD LANE SURGERY,TW12 3AX,U84150,HAMPTON PCN,36L,QWE,NHS South West London Integrated Care Board,EMIS,51.42287,-0.36815
H84020,H84020,FAIRHILL MEDICAL PRACTICE,KT2 7PX,U52814,KINGSTON PCN,36L,QWE,NHS South West London Integrated Care Board,EMIS,51.4167113,-0.2832066
H84023,H84023,ESSEX HOUSE SURGERY,SW13 0LW,U32828,SHEEN & BARNES PCN,36L,QWE,NHS South West London Integrated Care Board,Unknown,51.4726274,-0.2475092
H84025,H84025,HOOK SURGERY,KT9 2GY,U19424,CHESSINGTON AND SURBITON PCN,36L,QWE,NHS South West London Integrated Care Board,EMIS,51.3587717,-0.3119592
H84027,H84027,CHURCHILL MEDICAL CENTRE,KT2 6PG,U37262,CANBURY CHURCHILL ORCHARD BERRYLANDS PCN,36L,QWE,NHS South West London Integrated Care Board,EMIS,51.41339,-0.28821
H84030,H84030,CENTRAL SURGERY,KT6 6EZ,U72231,SURBITON HEALTH CENTRE PCN,36L,QWE,NHS South West London Integrated Care Board,EMIS,51.3907904,-0.2996612
H84031,H84031,JUBILEE SURGERY,TW2 6JL,U96434,EAST TWICKENHAM PCN,36L,QWE,NHS South West London Integrated Care Board,EMIS,51.4452339,-0.3614399
H84032,H84032,HAMPTON WICK SURGERY,KT1 4DY,U49896,TEDDINGTON PCN,36L,QWE,NHS South West London Integrated Care Board,EMIS,51.41559,-0.31308
H84033,H84033,ST ALBANS MEDICAL CENTRE,KT2 5HF,U52814,KINGSTON PCN,36L,QWE,NHS South West London Integrated Care Board,EMIS,51.42195,-0.30248
H84034,H84034,ORCHARD PRACTICE,KT9 1AG,U37262,CANBURY CHURCHILL ORCHARD BERRYLANDS PCN,36L,QWE,NHS South West London Integrated Care Board,EMIS,51.3689803,-0.3037371
H84039,H84039,CROSS DEEP SURGERY,TW1 4QP,U96434,EAST TWICKENHAM PCN,36L,QWE,NHS South West London Integrated Care Board,EMIS,51.4450717,-0.3301398
H84040,H84040,HAMPTON MEDICAL CENTRE,TW12 2PB,U84150,HAMPTON PCN,36L,QWE,NHS South West London Integrated Care Board,EMIS,51.41841,-0.37266
H84042,H84042,HOLMWOOD CORNER SURGERY,KT3 6DR,U88126,NEW MALDEN & WORCESTER PARK PCN,36L,QWE,NHS South West London Integrated Care Board,EMIS,51.3974422,-0.2550043
H84044,H84044,THE GREEN & FIR ROAD,TW2 5TU,U49896,TEDDINGTON PCN,36L,QWE,NHS South West London Integrated Care Board,EMIS,51.4433151,-0.3412402
H84048,H84048,TWICKENHAM PARK SURGERY,TW1 2AR,U96434,EAST TWICKENHAM PCN,36L,QWE,NHS South West London Integrated Care Board,EMIS,51.4551023,-0.3137953
H84050,H84050,CHESSINGTON PARK SURGERY,KT9 2GY,U19424,CHESSINGTON AND SURBITON PCN,36L,QWE,NHS South West London Integrated Care Board,EMIS,51.3587717,-0.3119592
H84051,H84051,ROSELAWN SURGERY,KT3 6AA,U88126,NEW MALDEN & WORCESTER PARK PCN,36L,QWE,NHS South West London Integrated Care Board,EMIS,51.3973805,-0.2556158
H84053,H84053,BERRYLANDS SURGERY,KT6 6EZ,U37262,CANBURY CHURCHILL ORCHARD BERRYLANDS PCN,36L,QWE,NHS South West London Integrated Care Board,EMIS,51.3907904,-0.2996612
H84054,H84054,RED LION ROAD SURGERY,KT6 7QG,U19424,CHESSINGTON AND SURBITON PCN,36L,QWE,NHS South West London Integrated Care Board,EMIS,51.3818116,-0.2900241
H84055,H84055,SHEEN LANE SURGERY,SW14 8LP,U32828,SHEEN & BARNES PCN,36L,QWE,NHS South West London Integrated Care Board,EMIS,51.4657575,-0.2673272
H84057,H84057,STAINES ROAD MEDICAL CENTRE,TW2 5AU,U84150,HAMPTON PCN,36L,QWE,NHS South West London Integrated Care Board,EMIS,51.4397133,-0.3579382
H84059,H84059,THAMESIDE MEDICAL PRACTICE,TW11 8HU,U49896,TEDDINGTON PCN,36L,QWE,NHS South West London Integrated Care Board,EMIS,51.4274499,-0.3264749
H84060,H84060,RICHMOND LOCK SURGERY,TW1 1PS,U96434,EAST TWICKENHAM PCN,36L,QWE,NHS South West London Integrated Care Board,EMIS,51.4645013,-0.3228825
H84061,H84061,KINGSTON HEALTH CENTRE,KT2 5AD,U52814,KINGSTON PCN,36L,QWE,NHS South West London Integrated Care Board,EMIS,51.4141225,-0.3049125
H84062,H84062,LANGLEY MEDICAL PRACTICE,KT6 6EZ,U72231,SURBITON HEALTH CENTRE PCN,36L,QWE,NHS South West London Integrated Care Board,EMIS,51.3907904,-0.2996612
H84618,H84618,SUNRAY SURGERY,KT5 9QD,U19424,CHESSINGTON AND SURBITON PCN,36L,QWE,NHS South West London Integrated Care Board,EMIS,51.3826272,-0.2748147
H84619,H84619,CLAREMONT MEDICAL CENTRE,KT6 6BS,U19424,CHESSINGTON AND SURBITON PCN,36L,QWE,NHS South West London Integrated Care Board,EMIS,51.3907925,-0.3061943
H84623,H84623,HAMPTON HILL MEDICAL CENTRE,TW12 1NY,U49896,TEDDINGTON PCN,36L,QWE,NHS South West London Integrated Care Board,EMIS,51.4272145,-0.3552751
H84625,H84625,WOODLAWN MEDICAL CENTRE,TW2 6EE,U96434,EAST TWICKENHAM PCN,36L,QWE,NHS South West London Integrated Care Board,EMIS,51.4444471,-0.3666754
H84630,H84630,CRANE PARK SURGERY,TW2 6JL,U96434,EAST TWICKENHAM PCN,36L,QWE,NHS South West London Integrated Care Board,EMIS,51.4452339,-0.3614399
H84635,H84635,MANOR DRIVE MEDICAL CENTRE,KT4 7LG,U88126,NEW MALDEN & WORCESTER PARK PCN,36L,QWE,NHS South West London Integrated Care Board,EMIS,51.3808949,-0.2485663
H85001,H85001,WANDSWORTH MEDICAL CENTRE,SW18 4DD,U61963,WANDLE PCN,36L,QWE,NHS South West London Integrated Care Board,EMIS,51.4536675,-0.1921071
H85002,H85002,FALCON ROAD MEDICAL CENTRE,SW11 2PH,U73458,WANDSWORTH PCN,36L,QWE,NHS South West London Integrated Care Board,EMIS,51.4689619,-0.1708847
H85003,H85003,QUEENSTOWN ROAD MEDICAL PRACTICE,SW8 3RX,U42154,BATTERSEA PCN,36L,QWE,NHS South West London Integrated Care Board,EMIS,51.467089,-0.1503633
H85006,H85006,MAYFIELD SURGERY,SW15 4AA,U97650,PRIME WANDSWORTH PCN,36L,QWE,NHS South West London Integrated Care Board,EMIS,51.448865,-0.2374188
H85007,H85007,SOUTHFIELDS GROUP PRACTICE,SW18 5AE,U61963,WANDLE PCN,36L,QWE,NHS South West London Integrated Care Board,EMIS,51.4413012,-0.1974345
H85008,H85008,ROEHAMPTON SURGERY,SW15 4HN,U45842,WEST WANDSWORTH PCN,36L,QWE,NHS South West London Integrated Care Board,EMIS,51.4511353,-0.2424688
H85009,H85009,BEDFORD HILL FAMILY PRACTICE,SW12 9HS,U42598,"BALHAM, TOOTING & FURZEDOWN PCN",36L,QWE,NHS South West London Integrated Care Board,EMIS,51.4407927,-0.1490615
H85011,H85011,GREYSWOOD PRACTICE,SW16 6PX,U42598,"BALHAM, TOOTING & FURZEDOWN PCN",36L,QWE,NHS South West London Integrated Care Board,EMIS,51.41946,-0.1448
H85012,H85012,PUTNEYMEAD GROUP MEDICAL PRACTICE,SW15 6TQ,U45842,WEST WANDSWORTH PCN,36L,QWE,NHS South West London Integrated Care Board,EMIS,51.4616838,-0.2200714
H85018,H85018,MULGRAVE ROAD SURGERY,SM2 6LX,U07607,CENTRAL SUTTON PCN,36L,QWE,NHS South West London Integrated Care Board,EMIS,51.3583276,-0.1964573
H85020,H85020,NELSON MEDICAL PRACTICE,SW20 8DA,U44050,SOUTH WEST MERTON PCN,36L,QWE,NHS South West London Integrated Care Board,EMIS,51.4101066,-0.2106288
H85022,H85022,PARK ROAD MEDICAL CENTRE,SM6 8AW,U66620,WALLINGTON PCN,36L,QWE,NHS South West London Integrated Care Board,EMIS,51.3634531,-0.1509251
H85024,H85024,MITCHAM & TOOTING HEALTH,CR4 3PR,U77811,NORTH MERTON PCN,36L,QWE,NHS South West London Integrated Care Board,EMIS,51.4073969,-0.1817992
H85026,H85026,FRANCIS GROVE SURGERY,SW19 4DL,U00070,WEST MERTON PCN,36L,QWE,NHS South West London Integrated Care Board,EMIS,51.4197874,-0.2090529
H85027,H85027,WIMBLEDON VILLAGE SURGERY,SW19 5BY,U52546,NORTH WEST MERTON PCN,36L,QWE,NHS South West London Integrated Care Board,EMIS,51.4251717,-0.2191425
H85028,H85028,WIMBLEDON MEDICAL PRACTICE,SW19 1NX,U52546,NORTH WEST MERTON PCN,36L,QWE,NHS South West London Integrated Care Board,EMIS,51.417552,-0.198578
H85030,H85030,OLD COURT HOUSE SURGERY,SM1 4AF,U07607,CENTRAL SUTTON PCN,36L,QWE,NHS South West London Integrated Care Board,EMIS,51.3654789,-0.192301
H85031,H85031,BENHILL & BELMONT GP CENTRE,SM1 4EB,U92151,CHEAM AND SOUTH SUTTON PCN,36L,QWE,NHS South West London Integrated Care Board,EMIS,51.3666331,-0.1902786
H85033,H85033,TAMWORTH HOUSE MEDICAL CENTRE,CR4 1DL,U45943,EAST MERTON PCN,36L,QWE,NHS South West London Integrated Care Board,EMIS,51.4014855,-0.145743
H85038,H85038,CRICKET GREEN MEDICAL PRACTICE,CR4 3DA,U45943,EAST MERTON PCN,36L,QWE,NHS South West London Integrated Care Board,EMIS,51.4046551,-0.1735463
H85041,H85041,EARLSFIELD SURGERY,SW18 4HH,U61963,WANDLE PCN,36L,QWE,NHS South West London Integrated Care Board,EMIS,51.4386629,-0.187374
H85045,H85045,BRIDGE LANE GROUP PRACTICE,SW11 3AD,U42154,BATTERSEA PCN,36L,QWE,NHS South West London Integrated Care Board,EMIS,51.4739164,-0.1671052
H85047,H85047,CHATFIELD HEALTH CARE,SW11 3UJ,U73458,WANDSWORTH PCN,36L,QWE,NHS South West London Integrated Care Board,EMIS,51.46586,-0.1821299
H85048,H85048,BROCKLEBANK GROUP PRACTICE,SW18 4DU,U71206,BROCKLEBANK PCN,36L,QWE,NHS South West London Integrated Care Board,EMIS,51.448429,-0.1890883
H85049,H85049,BATTERSEA RISE GROUP PRACTICE,SW11 1HG,U42154,BATTERSEA PCN,36L,QWE,NHS South West London Integrated Care Board,EMIS,51.4608229,-0.1634237
H85051,H85051,LAMBTON ROAD MEDICAL PRACTICE,SW20 0LW,U00070,WEST MERTON PCN,36L,QWE,NHS South West London Integrated Care Board,EMIS,51.4115397,-0.2311573
H85052,H85052,STREATHAM PARK SURGERY,SW16 6LY,U42598,"BALHAM, TOOTING & FURZEDOWN PCN",36L,QWE,NHS South West London Integrated Care Board,EMIS,51.42445,-0.14111
H85055,H85055,WEST BARNES SURGERY,KT3 6JD,U88126,NEW MALDEN & WORCESTER PARK PCN,36L,QWE,NHS South West London Integrated Care Board,EMIS,51.397704,-0.2336121
H85057,H85057,ELBOROUGH STREET SURGERY,SW18 5DS,U61963,WANDLE PCN,36L,QWE,NHS South West London Integrated Care Board,EMIS,51.4409532,-0.2007985
H85061,H85061,HEATHBRIDGE PRACTICE,SW15 2TL,U97650,PRIME WANDSWORTH PCN,36L,QWE,NHS South West London Integrated Care Board,EMIS,51.4601671,-0.2150491
H85063,H85063,CHEAM GP CENTRE,SM3 8EP,U92151,CHEAM AND SOUTH SUTTON PCN,36L,QWE,NHS South West London Integrated Care Board,EMIS,51.3688729,-0.2254399
H85065,H85065,ALTON PRACTICE,SW15 4LE,U45842,WEST WANDSWORTH PCN,36L,QWE,NHS South West London Integrated Care Board,EMIS,51.4493514,-0.240187
H85066,H85066,BALHAM PARK SURGERY,SW17 7AW,U02454,NIGHTINGALE PCN,36L,QWE,NHS South West London Integrated Care Board,EMIS,51.4405526,-0.1556927
H85067,H85067,DANEBURY AVENUE SURGERY,SW15 4DU,U45842,WEST WANDSWORTH PCN,36L,QWE,NHS South West London Integrated Care Board,EMIS,51.4523627,-0.2486367
H85069,H85069,LAVENDER HILL GROUP PRACTICE,SW11 5TU,U42154,BATTERSEA PCN,36L,QWE,NHS South West London Integrated Care Board,EMIS,51.4659973,-0.1572263
H85075,H85075,HAIDER PRACTICE,SW11 1SW,U71206,BROCKLEBANK PCN,36L,QWE,NHS South West London Integrated Care Board,EMIS,51.4599324,-0.1793601
H85077,H85077,BOLINGBROKE MEDICAL CENTRE,SW11 6BF,U73458,WANDSWORTH PCN,36L,QWE,NHS South West London Integrated Care Board,EMIS,51.4563012,-0.1680121
H85078,H85078,MITCHAM FAMILY PRACTICE,CR4 3HS,U77811,NORTH MERTON PCN,36L,QWE,NHS South West London Integrated Care Board,EMIS,51.4112206,-0.1675791
H85082,H85082,TRIANGLE SURGERY,SW18 4HX,U61963,WANDLE PCN,36L,QWE,NHS South West London Integrated Care Board,EMIS,51.4563859,-0.1982547
H85087,H85087,OPEN DOOR SURGERY,SW12 8EU,U42598,"BALHAM, TOOTING & FURZEDOWN PCN",36L,QWE,NHS South West London Integrated Care Board,EMIS,51.4429886,-0.1556351
H85088,H85088,CLAPHAM JUNCTION MEDICAL PRACTICE,SW11 2EJ,U73458,WANDSWORTH PCN,36L,QWE,NHS South West London Integrated Care Board,EMIS,51.46596,-0.17392
H85090,H85090,FIGGES MARSH SURGERY,CR4 3LD,U45943,EAST MERTON PCN,36L,QWE,NHS South West London Integrated Care Board,EMIS,51.4104637,-0.1619902
H85092,H85092,RIVERHOUSE MEDICAL PRACTICE,SW19 1YG,U77811,NORTH MERTON PCN,36L,QWE,NHS South West London Integrated Care Board,EMIS,51.4208504,-0.1834733
H85095,H85095,ROBIN HOOD LANE HEALTH CENTRE,SM1 2RJ,U07607,CENTRAL SUTTON PCN,36L,QWE,NHS South West London Integrated Care Board,EMIS,51.36299,-0.19701
H85100,H85100,ST PAULS COTTAGE SURGERY,SW19 6EW,U71206,BROCKLEBANK PCN,36L,QWE,NHS South West London Integrated Care Board,EMIS,51.44329,-0.21772
H85101,H85101,GRAND DRIVE SURGERY,SW20 9EA,U44050,SOUTH WEST MERTON PCN,36L,QWE,NHS South West London Integrated Care Board,EMIS,51.4020678,-0.228715
H85105,H85105,CHEAM FAMILY PRACTICE,SM3 8BS,U92151,CHEAM AND SOUTH SUTTON PCN,36L,QWE,NHS South West London Integrated Care Board,EMIS,51.3583394,-0.2178572
H85111,H85111,BATTERSEA FIELDS PRACTICE,SW11 5JP,U42154,BATTERSEA PCN,36L,QWE,NHS South West London Integrated Care Board,EMIS,51.473498,-0.154739
H85112,H85112,VINEYARD HILL ROAD SURGERY,SW19 7JL,U52546,NORTH WEST MERTON PCN,36L,QWE,NHS South West London Integrated Care Board,EMIS,51.4322379,-0.2009341
H85113,H85113,MALDON ROAD SURGERY,SM6 8BL,U66620,WALLINGTON PCN,36L,QWE,NHS South West London Integrated Care Board,EMIS,51.36502,-0.14792
H85114,H85114,THURLEIGH ROAD PRACTICE,SW12 8TT,U02454,NIGHTINGALE PCN,36L,QWE,NHS South West London Integrated Care Board,EMIS,51.452798,-0.1552413
H85115,H85115,SHOTFIELD MEDICAL PRACTICE,SM6 0HY,U66620,WALLINGTON PCN,36L,QWE,NHS South West London Integrated Care Board,EMIS,51.3575141,-0.1508856
H85116,H85116,MANOR PRACTICE,SM6 0DE,U66620,WALLINGTON PCN,36L,QWE,NHS South West London Integrated Care Board,EMIS,51.3622653,-0.1504834
H85618,H85618,JAMES O'RIORDAN MEDICAL CENTRE,SM3 9HE,U92151,CHEAM AND SOUTH SUTTON PCN,36L,QWE,NHS South West London Integrated Care Board,EMIS,51.3848972,-0.2130867
H85634,H85634,MERTON MEDICAL PRACTICE,SW19 1DG,U77811,NORTH MERTON PCN,36L,QWE,NHS South West London Integrated Care Board,EMIS,51.4158957,-0.1856182
H85637,H85637,BALHAM HEALTH CENTRE,SW12 9HS,U42598,"BALHAM, TOOTING & FURZEDOWN PCN",36L,QWE,NHS South West London Integrated Care Board,EMIS,51.4407927,-0.1490615
H85649,H85649,COLLIERS WOOD SURGERY,SW19 2BY,U77811,NORTH MERTON PCN,36L,QWE,NHS South West London Integrated Care Board,EMIS,51.4208828,-0.1758101
H85653,H85653,WALLINGTON FAMILY PRACTICE,SM6 0HY,U66620,WALLINGTON PCN,36L,QWE,NHS South West London Integrated Care Board,EMIS,51.3575141,-0.1508856
H85656,H85656,ALEXANDRA ROAD SURGERY,SW19 7JZ,U52546,NORTH WEST MERTON PCN,36L,QWE,NHS South West London Integrated Care Board,EMIS,51.4230308,-0.2055121
H85659,H85659,ST JOHNS HILL SURGERY,SW11 1SW,U73458,WANDSWORTH PCN,36L,QWE,NHS South West London Integrated Care Board,EMIS,51.4599324,-0.1793601
H85662,H85662,BEECHES SURGERY,SM5 3RB,U66620,WALLINGTON PCN,36L,QWE,NHS South West London Integrated Care Board,EMIS,51.3583,-0.1713
H85664,H85664,TOOTING BEC SURGERY,SW17 7BA,U,Unallocated,36L,QWE,NHS South West London Integrated Care Board,EMIS,51.4362546,-0.1582019
H85680,H85680,TOOTING SOUTH MEDICAL CENTRE,SW17 9HQ,U42598,"BALHAM, TOOTING & FURZEDOWN PCN",36L,QWE,NHS South West London Integrated Care Board,EMIS,51.4218238,-0.1613182
H85682,H85682,TUDOR LODGE HEALTH CENTRE,SW19 6AE,U97650,PRIME WANDSWORTH PCN,36L,QWE,NHS South West London Integrated Care Board,EMIS,51.4468761,-0.2202338
H85686,H85686,GROVE ROAD PRACTICE,SM1 2DB,U07607,CENTRAL SUTTON PCN,36L,QWE,NHS South West London Integrated Care Board,EMIS,51.3581999,-0.20234
H85691,H85691,NIGHTINGALE PRACTICE,SW12 8NB,U02454,NIGHTINGALE PCN,36L,QWE,NHS South West London Integrated Care Board,EMIS,51.4492571,-0.159787
Y01132,Y01132,CHARTFIELD SURGERY,SW15 6HG,U97650,PRIME WANDSWORTH PCN,36L,QWE,NHS South West London Integrated Care Board,EMIS,51.457182,-0.2277805
Y01206,Y01206,GLEBE ROAD SURGERY,SW13 0DR,U32828,SHEEN & BARNES PCN,36L,QWE,NHS South West London Integrated Care Board,EMIS,51.4736157,-0.2424789
Y02423,Y02423,GRAFTON MEDICAL PARTNERS,SW17 0RT,U78272,GRAFTON MEDICAL PARTNERS PCN,36L,QWE,NHS South West London Integrated Care Board,EMIS,51.4248381,-0.1712943
Y02946,Y02946,JUNCTION HEALTH CENTRE,SW11 2NU,U73458,WANDSWORTH PCN,36L,QWE,NHS South West London Integrated Care Board,EMIS,51.4654682,-0.1707889
Y05317,Y05317,COUNTRY PARK PRACTICE,SE25 5NT,U74798,CROYDON GP SUPER NETWORK PCN,36L,QWE,NHS South West London Integrated Care Board,EMIS,51.3929922,-0.0677534
Y05318,Y05318,DENMARK ROAD SURGERY,SE25 5NT,U74798,CROYDON GP SUPER NETWORK PCN,36L,QWE,NHS South West London Integrated Care Board,EMIS,51.3929922,-0.0677534
G85104,G85104,ICO HEALTH GROUP,BR1 5EP,U42936,RAVENSBOURNE PCN LTD,72Q,QKK,NHS South East London Integrated Care Board,EMIS,51.4271705,0.0094637
