PRACTICE_NAME,PRACTICE_POSTCODE,latitude,longitude,MSOA21CD,DEMENTIA_REGISTER_0_64,DEMENTIA_REGISTER_65_PLUS,PAT_LIST_0_64,PAT_LIST_65_PLUS,PCN_ODS_CODE,PCN_NAME,SUB_ICB_ODS_CODE
MANOR BROOK PMS,SE3 0EN,51.469221,0.025088,E02000333,1.0,61.0,10122.0,2035.0,U00254,BLACKHEATH AND CHARLTON PCN,72Q
THE WESTWOOD SURGERY,DA16 2HE,51.463176,0.097323,E02000080,3.0,170.0,7970.0,1686.0,U88820,CLOCKTOWER PCN,72Q
BARNARD MEDICAL GROUP,DA14 4TA,51.42792,0.105576,E02000090,2.0,97.0,10065.0,3299.0,U50197,FROGNAL PCN,72Q
THE ALBION SURGERY,DA6 7LP,51.453977,0.147423,E02000079,3.0,123.0,12880.0,3160.0,U07140,APL BEXLEY PCN,72Q
BELLEGROVE SURGERY,DA16 3RE,51.464561,0.095817,E02006785,0.0,67.0,9334.0,2056.0,U88820,CLOCKTOWER PCN,72Q
NORTHUMBERLAND HEATH MED.CTR.,DA8 3DB,51.476927,0.166028,E02000069,1.0,144.0,12082.0,2418.0,U67110,NORTH BEXLEY PCN,72Q
GALLIONS REACH HEALTH CENTRE,SE28 8BE,51.505665,0.109491,E02000314,2.0,60.0,14080.0,1676.0,U11690,RIVERVIEW HEALTH PCN,72Q
BLACKHEATH STANDARD PMS,SE3 7HB,51.478134,0.019823,E02000328,0.0,32.0,6906.0,1099.0,U00254,BLACKHEATH AND CHARLTON PCN,72Q
ELTHAM PALACE PMS,SE9 5DQ,51.449946,0.05374,E02000340,2.0,30.0,6431.0,1059.0,U39263,ELTHAM PCN,72Q
ROYAL ARSENAL MEDICAL CENTRE,SE18 6TE,51.493492,0.073503,E02006991,3.0,35.0,10627.0,1000.0,U11690,RIVERVIEW HEALTH PCN,72Q
LAKESIDE MEDICAL,SE2 9LH,51.496519,0.122482,E02000066,3.0,110.0,17224.0,1933.0,U67110,NORTH BEXLEY PCN,72Q
PLUMSTEAD H/C PMS,SE18 1BB,51.485951,0.09203,E02000318,3.0,80.0,12865.0,2530.0,U93499,UNITY (GREENWICH) PCN,72Q
VANBRUGH GROUP PRACTICE,SE10 9GB,51.48607,0.008579,E02006930,1.0,30.0,16317.0,1642.0,U00254,BLACKHEATH AND CHARLTON PCN,72Q
INGLETON AVENUE SURGERY,DA16 2JZ,51.454007,0.104114,E02000085,0.0,18.0,3973.0,913.0,U,Unallocated,72Q
WELLING MEDICAL PRACTICE,DA16 2AT,51.460844,0.107999,E02000080,1.0,87.0,8727.0,2425.0,U88820,CLOCKTOWER PCN,72Q
TRIVENI PMS,SE18 5TE,51.490322,0.058464,E02006994,0.0,16.0,7481.0,671.0,U24992,HERITAGE PCN,72Q
EVEREST HEALTH PARTNERSHIP,SE9 6ER,51.454715,0.049463,E02000337,1.0,66.0,18214.0,2699.0,U39263,ELTHAM PCN,72Q
BEXLEY GROUP PRACTICE,DA16 3HQ,51.465832,0.109683,E02000077,1.0,58.0,12722.0,2018.0,U88820,CLOCKTOWER PCN,72Q
PLAS MEDDYG SURGERY,DA5 1HU,51.442846,0.144397,E02000087,3.0,61.0,5760.0,1593.0,U07140,APL BEXLEY PCN,72Q
ALL SAINTS MEDICAL CENTRE PMS,SE18 3PS,51.479133,0.066256,E02000327,1.0,18.0,5871.0,723.0,U93499,UNITY (GREENWICH) PCN,72Q
ABBEY WOOD SURGERY,SE2 9AT,51.497094,0.11653,E02000315,2.0,25.0,6030.0,1021.0,U93499,UNITY (GREENWICH) PCN,72Q
DR DAVIES & PARTNER,DA7 5HL,51.472278,0.139543,E02000075,2.0,41.0,4174.0,1322.0,U88820,CLOCKTOWER PCN,72Q
ST MARKS PMS,SE18 3EP,51.481107,0.072596,E02000323,3.0,46.0,9375.0,1106.0,U11690,RIVERVIEW HEALTH PCN,72Q
FAIRFIELD PMS,SE7 8TX,51.483909,0.038975,E02000324,0.0,30.0,11528.0,1395.0,U00254,BLACKHEATH AND CHARLTON PCN,72Q
BURSTED WOOD SURGERY,DA7 6HZ,51.465722,0.152366,E02000075,0.0,36.0,5208.0,1185.0,U07140,APL BEXLEY PCN,72Q
LYNDHURST ROAD MEDICAL CENTRE,DA7 6DL,51.461251,0.158792,E02000081,5.0,180.0,10197.0,2553.0,U07140,APL BEXLEY PCN,72Q
BELVEDERE MEDICAL CENTRE,DA17 5LQ,51.482567,0.144404,E02000067,3.0,90.0,15326.0,2497.0,U67110,NORTH BEXLEY PCN,72Q
BEXLEY MEDICAL GROUP,DA7 5RB,51.475061,0.127995,E02000073,3.0,139.0,18143.0,3196.0,U67110,NORTH BEXLEY PCN,72Q
WOODLANDS SURGERY,DA15 8DF,51.439755,0.088939,E02000089,2.0,85.0,9124.0,2379.0,U50197,FROGNAL PCN,72Q
PRIMECARE PMS (SOUTH STREET),SE10 8NT,51.476194,-0.012448,E02006931,0.0,18.0,11117.0,944.0,U39263,ELTHAM PCN,72Q
GLYNDON PMS,SE18 7LU,51.487385,0.079622,E02000321,1.0,18.0,6524.0,822.0,U93499,UNITY (GREENWICH) PCN,72Q
SLADE GREEN MEDICAL CTR.,DA8 2HS,51.470505,0.189813,E02000072,6.0,24.0,10646.0,946.0,U67110,NORTH BEXLEY PCN,72Q
BURNEY STREET PMS,SE10 8EX,51.479034,-0.009142,E02006931,1.0,36.0,13843.0,1250.0,U46593,GREENWICH WEST PCN,72Q
SIDCUP MEDICAL CENTRE,DA14 6BU,51.42356,0.105965,E02000091,5.0,513.0,24619.0,6050.0,U50197,FROGNAL PCN,72Q
VALENTINE HEALTH PARTNERSHIP,SE18 6PZ,51.49221,0.061546,E02006994,8.0,61.0,29435.0,2344.0,U94126,VALENTINE HEALTH PCN,72Q
NEW ELTHAM AND BLACKFEN MEDICAL CENTRE,SE9 3PT,51.434495,0.074225,E02000344,0.0,32.0,9402.0,1413.0,U39263,ELTHAM PCN,72Q
RIVERSIDE SURGERY,DA8 1RQ,51.479649,0.180746,E02000068,3.0,42.0,11020.0,1421.0,U67110,NORTH BEXLEY PCN,72Q
ABBEYSLADE PMS (DR CHAND),SE2 0ER,51.487797,0.10747,E02000320,2.0,15.0,4396.0,501.0,U24992,HERITAGE PCN,72Q
CONWAY PMS,SE18 1AH,51.487238,0.086428,E02000318,0.0,8.0,4745.0,504.0,U11690,RIVERVIEW HEALTH PCN,72Q
WAVERLEY PMS,SE18 7QU,51.482737,0.083141,E02000319,0.0,12.0,3812.0,712.0,U24992,HERITAGE PCN,72Q
PLUMBRIDGE MEDICAL CENTRE,SE10 8PA,51.473207,-0.01396,E02006931,1.0,10.0,3249.0,329.0,U46593,GREENWICH WEST PCN,72Q
CRAYFORD TOWN SURGERY,DA1 4ER,51.450116,0.181223,E02000083,1.0,22.0,9253.0,1061.0,U67110,NORTH BEXLEY PCN,72Q
PLUMSTEAD AND WICKHAM LANE SURGERY,SE18 1SE,51.487514,0.092621,E02000318,1.0,25.0,7579.0,833.0,U24992,HERITAGE PCN,72Q
WOODLANDS SURGERY,SE10 9UB,51.484798,0.004634,E02006930,0.0,22.0,5626.0,695.0,U46593,GREENWICH WEST PCN,72Q
BANNOCKBURN SURGERY,SE18 1ES,51.488171,0.094581,E02000318,0.0,8.0,5156.0,525.0,U24992,HERITAGE PCN,72Q
ELMSTEAD MEDICAL CLINIC,SE9 3JD,51.432081,0.059139,E02000344,1.0,18.0,6228.0,707.0,U39263,ELTHAM PCN,72Q
ELTHAM MEDICAL PRACTICE,SE9 5DQ,51.449946,0.05374,E02000340,0.0,146.0,21684.0,4352.0,U39263,ELTHAM PCN,72Q
LINKS MEDICAL PRACTICE,BR1 4PX,51.419793,0.014834,E02006782,7.0,51.0,10219.0,1676.0,U03551,"MOTTINGHAM, DOWNHAM & CHISLEHURST PCN",72Q
STOCK HILL SURGERY,TN16 3TJ,51.31207,0.031838,E02000165,3.0,120.0,6797.0,2689.0,U77447,FIVE ELMS PCN,72Q
SUMMERCROFT SURGERY,BR6 7AR,51.365357,0.063084,E02000162,3.0,101.0,7128.0,2495.0,U77447,FIVE ELMS PCN,72Q
MANOR ROAD SURGERY,BR3 5LE,51.407168,-0.022718,E02000138,0.0,27.0,5138.0,1176.0,U36188,BECKENHAM PCN,72Q
FAMILY SURGERY,BR6 6BG,51.354367,0.090023,E02000163,1.0,47.0,3306.0,1003.0,U87524,ORPINGTON PCN,72Q
THE CHISLEHURST PARTNERSHIP,BR7 5AQ,51.419678,0.066938,E02000128,4.0,207.0,18832.0,4769.0,U03551,"MOTTINGHAM, DOWNHAM & CHISLEHURST PCN",72Q
EDEN PARK SURGERY,BR3 4DQ,51.399334,-0.0414,E02006787,4.0,50.0,6793.0,1510.0,U36188,BECKENHAM PCN,72Q
STATION ROAD SURGERY,BR4 0PU,51.377081,-0.01486,E02000156,2.0,86.0,7785.0,2775.0,U98580,HAYES WICK PCN,72Q
ADDINGTON ROAD SURGERY,BR4 9BG,51.369081,-0.003942,E02000160,0.0,57.0,6653.0,2095.0,U98580,HAYES WICK PCN,72Q
CORNERWAYS SURGERY,BR3 5LG,51.407045,-0.020236,E02000138,4.0,82.0,5660.0,1898.0,U36188,BECKENHAM PCN,72Q
CHELSFIELD SURGERY,BR6 6HD,51.355726,0.104017,E02000163,1.0,74.0,7037.0,2086.0,U87524,ORPINGTON PCN,72Q
SOUTHBOROUGH LANE SURGERY,BR2 9GT,51.387262,0.037968,E02000146,2.0,86.0,8002.0,1989.0,U77447,FIVE ELMS PCN,72Q
BROMLEY COMMON PRACTICE,BR2 9GT,51.387262,0.037968,E02000146,6.0,54.0,8362.0,1411.0,U77447,FIVE ELMS PCN,72Q
ELM HOUSE SURGERY,BR3 3FD,51.404872,-0.032695,E02006787,5.0,199.0,28525.0,4465.0,U36188,BECKENHAM PCN,72Q
ST JAMES' PRACTICE,BR3 4DG,51.399237,-0.043647,E02006787,6.0,73.0,5783.0,1342.0,U36188,BECKENHAM PCN,72Q
FORGE CLOSE SURGERY,BR2 7LL,51.377138,0.016582,E02000153,1.0,42.0,5466.0,1381.0,U98580,HAYES WICK PCN,72Q
KNOLL MEDICAL PRACTICE,BR6 0FE,51.37541,0.101067,E02000154,2.0,134.0,11418.0,2970.0,U87524,ORPINGTON PCN,72Q
PICKHURST SURGERY,BR2 7JF,51.378033,0.010543,E02000153,2.0,67.0,7066.0,1627.0,U98580,HAYES WICK PCN,72Q
TUDOR WAY SURGERY,BR5 1LH,51.388791,0.078424,E02000151,1.0,42.0,7052.0,1553.0,U87524,ORPINGTON PCN,72Q
NORHEADS LANE SURGERY,TN16 3XS,51.314542,0.026767,E02000165,1.0,27.0,3141.0,663.0,U77447,FIVE ELMS PCN,72Q
BALLATER SURGERY,BR6 0DP,51.3822,0.095026,E02000154,1.0,61.0,8947.0,1705.0,U87524,ORPINGTON PCN,72Q
WICKHAM PARK SURGERY,BR4 9PS,51.376153,-0.023292,E02000156,2.0,50.0,4276.0,1161.0,U98580,HAYES WICK PCN,72Q
BANK HOUSE SURGERY,BR6 7BA,51.359059,0.069869,E02000162,0.0,23.0,2622.0,823.0,U87524,ORPINGTON PCN,72Q
WHITEHOUSE SURGERY,BR5 1EL,51.384132,0.077451,E02000151,0.0,24.0,3459.0,663.0,U87524,ORPINGTON PCN,72Q
GREEN STREET GREEN MED CT,BR6 6BG,51.354367,0.090023,E02000163,0.0,66.0,5285.0,1743.0,U87524,ORPINGTON PCN,72Q
FOREST HILL GROUP PRACTICE,SE22 0SQ,51.453617,-0.061517,E02000838,1.0,56.0,8621.0,1633.0,U60094,SOUTH SOUTHWARK PCN,72Q
STREATHAM HIGH PRACTICE,SW16 2ST,51.432463,-0.126577,E02000646,2.0,24.0,22666.0,1125.0,U18315,AT MEDICS STREATHAM PCN,72Q
THE ACORN & GAUMONT HOUSE SURGERY,SE15 5SL,51.474157,-0.06645,E02000828,2.0,28.0,7848.0,1065.0,U60094,SOUTH SOUTHWARK PCN,72Q
CLAPHAM FAMILY PRACTICE,SW4 7DB,51.463167,-0.133498,E02000632,2.0,45.0,18065.0,1364.0,U45098,CLAPHAM PCN,72Q
CAMBERWELL GREEN SURGERY,SE5 7AF,51.474618,-0.093445,E02000827,2.0,27.0,7947.0,1145.0,U60094,SOUTH SOUTHWARK PCN,72Q
STREATHAM COMMON PRACTICE,SW16 3NP,51.418615,-0.12664,E02000651,3.0,68.0,10652.0,1518.0,U99355,STREATHAM PCN,72Q
THE QRP SURGERY,SE14 5HD,51.474264,-0.047409,E02000658,2.0,46.0,7576.0,1211.0,U53896,NORTH LEWISHAM PCN,72Q
HERNE HILL GROUP PRACTICE,SE24 9QP,51.45582,-0.09882,E02000631,3.0,55.0,12963.0,1819.0,U39721,"HILLS, BROOKS & DALES GROUP PCN",72Q
TRAFALGAR SURGERY,SE15 6NR,51.485673,-0.074389,E02000821,0.0,6.0,2607.0,203.0,U06180,NORTH SOUTHWARK PCN,72Q
KINGFISHER MEDICAL CENTRE,SE8 5DA,51.481877,-0.030477,E02000654,1.0,18.0,14719.0,1053.0,U53896,NORTH LEWISHAM PCN,72Q
PRENTIS MEDICAL CENTRE,SW16 1XU,51.430487,-0.130111,E02000646,11.0,41.0,4125.0,681.0,U39721,"HILLS, BROOKS & DALES GROUP PCN",72Q
NORTH WOOD GROUP PRACTICE,SE19 3NY,51.422729,-0.098467,E02000648,5.0,104.0,13649.0,2150.0,U39721,"HILLS, BROOKS & DALES GROUP PCN",72Q
LEWISHAM MEDICAL CENTRE,SE13 5PJ,51.458515,0.004418,E02000665,3.0,44.0,12827.0,1147.0,U21222,LEWISHAM ALLIANCE PCN,72Q
SYDENHAM GREEN GROUP PRACTICE,SE26 4TH,51.42918,-0.039189,E02000681,1.0,57.0,12279.0,2166.0,U23546,APLOS HEALTH PCN,72Q
BRIXTON HILL GROUP PRACTICE,SW2 1AE,51.452316,-0.120195,E02000637,0.0,34.0,11915.0,925.0,U39721,"HILLS, BROOKS & DALES GROUP PCN",72Q
CLIFTON RISE FAMILY PRACTICE,SE8 4BG,51.476335,-0.031407,E02006798,1.0,32.0,3634.0,673.0,U53896,NORTH LEWISHAM PCN,72Q
STOCKWELL GROUP PRACTICE,SW9 9TJ,51.468037,-0.117533,E02000628,3.0,71.0,10912.0,1653.0,U65434,STOCKWELLBEING PCN,72Q
FALMOUTH ROAD GROUP PRACTICE,SE1 4JW,51.496719,-0.093272,E02000815,0.0,25.0,16045.0,898.0,U06180,NORTH SOUTHWARK PCN,72Q
PARKSIDE MEDICAL CENTRE,SE5 7AQ,51.475827,-0.092617,E02000826,1.0,20.0,5354.0,647.0,U60094,SOUTH SOUTHWARK PCN,72Q
DMC CHADWICK ROAD,SE15 4PU,51.467864,-0.074232,E02000831,1.0,22.0,6081.0,750.0,U60094,SOUTH SOUTHWARK PCN,72Q
TORRIDON ROAD MEDICAL PRACTICE,SE6 1RB,51.44011,-0.002086,E02000674,4.0,50.0,9983.0,1705.0,U58020,SEVENFIELDS PCN,72Q
NEXUS HEALTH GROUP,SE1 6JP,51.495618,-0.101933,E02006802,12.0,230.0,67595.0,7744.0,U06180,NORTH SOUTHWARK PCN,72Q
THE LEWISHAM CARE PARTNERSHIP,SE13 7SX,51.467393,-0.022175,E02000663,8.0,222.0,46134.0,5794.0,U11059,LEWISHAM CARE PARTNERSHIP PCN,72Q
PAXTON GREEN GROUP PRACTICE,SE21 8AU,51.430297,-0.086069,E02000839,7.0,71.0,16888.0,2514.0,U60524,CROXTED PCN,72Q
QUEENS ROAD SURGERY,SE15 2UA,51.475097,-0.063991,E02000828,1.0,34.0,12934.0,879.0,U60094,SOUTH SOUTHWARK PCN,72Q
PALACE ROAD SURGERY,SW2 3DY,51.443797,-0.120602,E02000639,0.0,35.0,7011.0,1037.0,U99355,STREATHAM PCN,72Q
ST GILES SURGERY,SE5 7RF,51.474547,-0.084145,E02000826,1.0,18.0,6125.0,600.0,U60094,SOUTH SOUTHWARK PCN,72Q
VALLEY ROAD SURGERY,SW16 2XT,51.428616,-0.119398,E02000647,0.0,22.0,4907.0,769.0,U99355,STREATHAM PCN,72Q
HETHERINGTON GROUP PRACTICE,SW4 7NU,51.461034,-0.128301,E02000634,2.0,33.0,6849.0,1020.0,U36779,BRIXTON AND CLAPHAM PARK PCN,72Q
LEE ROAD SURGERY,SE3 9RT,51.462503,0.009444,E02000661,1.0,98.0,10238.0,1858.0,U21222,LEWISHAM ALLIANCE PCN,72Q
KNIGHTS HILL SURGERY SUITE 1,SE27 0DF,51.432761,-0.105949,E02000645,1.0,38.0,10465.0,824.0,U39721,"HILLS, BROOKS & DALES GROUP PCN",72Q
ELM LODGE SURGERY,SE24 9HJ,51.451506,-0.096207,E02000837,0.0,44.0,7757.0,1419.0,U60094,SOUTH SOUTHWARK PCN,72Q
OLD KENT ROAD SURGERY,SE1 5TY,51.490441,-0.081102,E02000821,2.0,21.0,9629.0,699.0,U06180,NORTH SOUTHWARK PCN,72Q
HURLEY AND RIVERSIDE PRACTICES,SE11 4HJ,51.490669,-0.10672,E02000619,1.0,42.0,21224.0,1909.0,U38045,NORTH LAMBETH PCN,72Q
LAMBETH WALK GROUP PRACTICE,SW9 6AF,51.475716,-0.105178,E02000622,1.0,49.0,6126.0,1156.0,U38045,NORTH LAMBETH PCN,72Q
ASHDOWN MEDICAL GROUP,BR1 5EP,51.426849,0.009836,E02006783,1.0,48.0,11034.0,1722.0,U58020,SEVENFIELDS PCN,72Q
WOOLSTONE MEDICAL CENTRE,SE23 2SG,51.43842,-0.03675,E02000676,0.0,39.0,8579.0,1111.0,U23546,APLOS HEALTH PCN,72Q
VASSALL MEDICAL CENTRE,SW9 6NA,51.477559,-0.108486,E02000622,1.0,31.0,6526.0,740.0,U41041,FIVEWAYS PCN,72Q
NEW CROSS CENTRE (HURLEY GROUP),SE14 6LD,51.476403,-0.031707,E02006798,2.0,22.0,8644.0,812.0,U53896,NORTH LEWISHAM PCN,72Q
SANDMERE PRACTICE,SW4 7QJ,51.462595,-0.127532,E02000632,2.0,29.0,11344.0,1274.0,U45098,CLAPHAM PCN,72Q
PENROSE SURGERY,SE17 3DW,51.487448,-0.097764,E02000818,3.0,35.0,14991.0,950.0,U06180,NORTH SOUTHWARK PCN,72Q
GROVE MEDICAL CENTRE,SE8 3QH,51.490256,-0.035201,E02000653,0.0,26.0,12362.0,779.0,U53896,NORTH LEWISHAM PCN,72Q
THE SOUTH LAMBETH RD PRACTICE,SW8 1UL,51.476571,-0.123648,E02000623,0.0,16.0,10191.0,815.0,U38045,NORTH LAMBETH PCN,72Q
SILVERLOCK MEDICAL CENTRE,SE16 3HA,51.485968,-0.063343,E02000824,5.0,17.0,16259.0,967.0,U06180,NORTH SOUTHWARK PCN,72Q
THE THREE ZERO SIX MEDICAL CENTRE,SE22 8LY,51.450741,-0.076377,E02000836,1.0,15.0,6246.0,496.0,U60094,SOUTH SOUTHWARK PCN,72Q
THE VALE SURGERY,SW16 5SE,51.417246,-0.136634,E02000652,1.0,52.0,9459.0,1119.0,U99355,STREATHAM PCN,72Q
BECKETT HOUSE PRACTICE,SW9 9DL,51.469491,-0.123521,E02000627,0.0,23.0,7935.0,594.0,U65434,STOCKWELLBEING PCN,72Q
GRAY'S INN MEDICAL GROUP VAUXHALL,SE11 5NH,51.489885,-0.118924,E02000620,1.0,15.0,8995.0,510.0,U38045,NORTH LAMBETH PCN,72Q
ICO HEALTH GROUP,BR1 5EP,51.426849,0.009836,E02006783,1.0,40.0,8507.0,1515.0,U42936,RAVENSBOURNE PCN LTD,72Q
VESTA ROAD SURGERY,SE4 2NH,51.468737,-0.040618,E02000662,0.0,11.0,6098.0,524.0,U53896,NORTH LEWISHAM PCN,72Q
CLAPHAM PARK GROUP PRACTICE,SW4 8JP,51.451908,-0.135209,E02000636,3.0,49.0,19740.0,1511.0,U36779,BRIXTON AND CLAPHAM PARK PCN,72Q
WELLS PARK PRACTICE,SE26 6JQ,51.430522,-0.063099,E02000685,7.0,48.0,11570.0,1437.0,U23546,APLOS HEALTH PCN,72Q
STERNHALL LANE SURGERY,SE15 4NT,51.466772,-0.06741,E02000831,1.0,32.0,5796.0,637.0,U60094,SOUTH SOUTHWARK PCN,72Q
TRIANGLE GROUP PRACTICE,SE13 6DQ,51.457798,-0.011045,E02007009,3.0,28.0,5627.0,891.0,U21222,LEWISHAM ALLIANCE PCN,72Q
PARKVIEW SURGERY,SE6 1AT,51.444864,-0.007707,E02000674,6.0,76.0,9283.0,783.0,U58020,SEVENFIELDS PCN,72Q
BINFIELD ROAD SURGERY,SW4 6TB,51.474471,-0.125606,E02000623,0.0,35.0,9193.0,865.0,U65434,STOCKWELLBEING PCN,72Q
PARK MEDICAL CENTRE,SE16 2PE,51.492146,-0.049813,E02000813,0.0,25.0,5358.0,751.0,U06180,NORTH SOUTHWARK PCN,72Q
THE CORNER SURGERY,SE5 9NS,51.469673,-0.095724,E02000631,1.0,19.0,5931.0,475.0,U41041,FIVEWAYS PCN,72Q
THE DEERBROOK SURGERY,SE27 9AW,51.437861,-0.106026,E02000645,0.0,16.0,7131.0,503.0,U41041,FIVEWAYS PCN,72Q
MAWBEY GROUP PRACTICE,SW8 2UD,51.479284,-0.125207,E02000623,4.0,44.0,9162.0,979.0,U38045,NORTH LAMBETH PCN,72Q
TESSA JOWELL GP SURGERY,SE22 8EY,51.459235,-0.080511,E02000834,3.0,25.0,14304.0,1277.0,U60094,SOUTH SOUTHWARK PCN,72Q
THE LISTER PRIMARY CARE CENTRE,SE15 5LJ,51.474437,-0.075222,E02000825,2.0,20.0,8032.0,841.0,U60094,SOUTH SOUTHWARK PCN,72Q
MINET GREEN HEALTH PRACTICE,SW9 6AF,51.475716,-0.105178,E02000622,3.0,61.0,10312.0,1381.0,U41041,FIVEWAYS PCN,72Q
WATERLOO HEALTH CENTRE,SE1 7AE,51.500521,-0.113746,E02006801,1.0,31.0,14252.0,1116.0,U38045,NORTH LAMBETH PCN,72Q
BROCKWELL PARK SURGERY,SE24 9AE,51.448786,-0.101515,E02000642,0.0,24.0,8002.0,717.0,U60524,CROXTED PCN,72Q
ALBION STREET GROUP PRACTICE,SE16 7JX,51.501008,-0.050616,E02000813,5.0,42.0,13554.0,1303.0,U06180,NORTH SOUTHWARK PCN,72Q
BERMONDSEY SPA MEDICAL CENTRE,SE16 4BL,51.49695,-0.069462,E02000810,1.0,22.0,9910.0,951.0,U06180,NORTH SOUTHWARK PCN,72Q
THE VILLA STREET MEDICAL CENTRE,SE17 2EL,51.486566,-0.08828,E02000821,2.0,29.0,8506.0,650.0,U06180,NORTH SOUTHWARK PCN,72Q
NOVUM HEALTH PARTNERSHIP,SE6 4JH,51.449319,-0.018019,E02000672,5.0,83.0,18155.0,2262.0,U42936,RAVENSBOURNE PCN LTD,72Q
BLACKFRIARS MEDICAL PRACTICE,SE1 8EE,51.505365,-0.10575,E02000808,1.0,28.0,8741.0,807.0,U06180,NORTH SOUTHWARK PCN,72Q
THE GARDENS SURGERY,SE22 9QU,51.460629,-0.066834,E02000834,0.0,22.0,5467.0,750.0,U60094,SOUTH SOUTHWARK PCN,72Q
THE EXCHANGE SURGERY,SW16 2ST,51.432463,-0.126577,E02000646,1.0,25.0,6882.0,709.0,U99355,STREATHAM PCN,72Q
THE DULWICH MEDICAL CENTRE,SE22 9EP,51.455455,-0.072062,E02000834,0.0,22.0,6178.0,692.0,U60094,SOUTH SOUTHWARK PCN,72Q
THE STREATHAM HILL GROUP PRACTICE,SW16 2PG,51.437316,-0.126379,E02000646,1.0,27.0,6462.0,970.0,U99355,STREATHAM PCN,72Q
SPRINGFIELD MEDICAL CENTRE,SW8 2SH,51.470826,-0.133329,E02000625,1.0,11.0,6479.0,469.0,U65434,STOCKWELLBEING PCN,72Q
GRAFTON SQUARE SURGERY,SW4 0DE,51.464315,-0.139526,E02000630,0.0,11.0,6844.0,394.0,U45098,CLAPHAM PCN,72Q
THE LORDSHIP LANE SURGERY,SE22 8JN,51.448369,-0.073195,E02000838,2.0,14.0,4223.0,519.0,U60094,SOUTH SOUTHWARK PCN,72Q
THE NUNHEAD SURGERY,SE15 3LY,51.464088,-0.057921,E02000832,4.0,45.0,8274.0,1124.0,U60094,SOUTH SOUTHWARK PCN,72Q
HERNE HILL ROAD MEDICAL PRACTICE,SE24 0AU,51.46555,-0.10046,E02000631,1.0,17.0,6627.0,546.0,U41041,FIVEWAYS PCN,72Q
AKERMAN MEDICAL PRACTICE,SW9 6AF,51.475716,-0.105178,E02000622,1.0,171.0,6393.0,701.0,U39721,"HILLS, BROOKS & DALES GROUP PCN",72Q
VALE MEDICAL CENTRE,SE23 2JF,51.435469,-0.043625,E02000679,2.0,72.0,16373.0,1184.0,U23546,APLOS HEALTH PCN,72Q
AMERSHAM VALE TRAINING PRACTICE,SE14 6LD,51.476403,-0.031707,E02006798,2.0,26.0,15175.0,858.0,U53896,NORTH LEWISHAM PCN,72Q
THE OLD DAIRY HEALTH CENTRE,SE21 8SZ,51.436586,-0.091201,E02000642,0.0,27.0,5185.0,803.0,U60524,CROXTED PCN,72Q
DR CURRAN & PARTNERS,SW4 6EB,51.465149,-0.136008,E02000629,1.0,30.0,9401.0,825.0,U45098,CLAPHAM PCN,72Q
DEPTFORD SURGERY,SE14 6TJ,51.474602,-0.027839,E02000657,0.0,11.0,11021.0,435.0,U53896,NORTH LEWISHAM PCN,72Q
THE LISTER PRACTICE,SE15 5LJ,51.474437,-0.075222,E02000825,5.0,26.0,10550.0,978.0,U60094,SOUTH SOUTHWARK PCN,72Q
OAKVIEW FAMILY PRACTICE,BR1 5NJ,51.429828,0.007047,E02006783,0.0,18.0,5885.0,526.0,U58020,SEVENFIELDS PCN,72Q
EAST STREET,SE17 2GN,51.487931,-0.085976,E02000821,2.0,25.0,5975.0,663.0,U06180,NORTH SOUTHWARK PCN,72Q
WOODLANDS HEALTH CENTRE,SE13 6RN,51.449858,-0.005791,E02000669,3.0,25.0,10680.0,739.0,U21222,LEWISHAM ALLIANCE PCN,72Q
EDITH CAVELL PRACTICE,SW2 4TP,51.441155,-0.124625,E02000643,2.0,33.0,18452.0,1139.0,U18315,AT MEDICS STREATHAM PCN,72Q
BRUNSWICK PARK FAMILY PRACTICE,SE5 7RF,51.474547,-0.084145,E02000826,0.0,22.0,6746.0,782.0,U60094,SOUTH SOUTHWARK PCN,72Q
NIGHTINGALE SURGERY,SE12 8NP,51.452782,0.009938,E02000668,3.0,23.0,6709.0,673.0,U21222,LEWISHAM ALLIANCE PCN,72Q
DEPTFORD MEDICAL CENTRE,SE14 6TG,51.474535,-0.027064,E02000657,2.0,10.0,4047.0,368.0,U53896,NORTH LEWISHAM PCN,72Q
PORTLAND MEDICAL CENTRE,SE25 4QB,51.392417,-0.066736,E02000207,3.0,93.0,13585.0,1573.0,U44012,KESTON MOORINGS & PARKSIDE PCN,36L
FARLEY ROAD MEDICAL PRACTICE,CR2 7NG,51.345803,-0.066472,E02000226,3.0,91.0,9147.0,2634.0,U52199,SELSDON ADDINGTON & SHIRLEY PCN,36L
UPPER NORWOOD GROUP PRACTICE,SE19 2NT,51.413307,-0.084794,E02000194,3.0,38.0,13484.0,1277.0,U33024,ONE THORNTON HEATH PCN,36L
NEW ADDINGTON GROUP PRACTICE,CR0 0JA,51.344382,-0.018557,E02000225,3.0,72.0,10794.0,1230.0,U30526,MAYDAY SOUTH PCN,36L
VIOLET LANE MEDICAL PRACTICE,CR0 4HN,51.360365,-0.107946,E02000221,3.0,94.0,9244.0,1312.0,U09071,GPNET5 PCN,36L
NORTHWAY ROAD SURGERY,CR0 6JJ,51.386562,-0.079242,E02000210,0.0,14.0,3540.0,543.0,U74798,CROYDON GP SUPER NETWORK PCN,36L
NORBURY MEDICAL PRACTICE,SW16 4NL,51.404505,-0.122688,E02000197,3.0,102.0,9041.0,1573.0,U85744,PRIMARY CARE NORTH CROYDON PCN,36L
SOUTH NORWOOD HILL MEDICAL CENTRE,SE25 6BY,51.403169,-0.080746,E02000200,2.0,28.0,5749.0,945.0,U33024,ONE THORNTON HEATH PCN,36L
NORTH CROYDON MEDICAL CENTRE,CR7 7HQ,51.388313,-0.111163,E02000208,6.0,63.0,7187.0,737.0,U30526,MAYDAY SOUTH PCN,36L
ST JAMES MEDICAL CENTRE,CR0 2BZ,51.381806,-0.09308,E02000213,4.0,45.0,8263.0,1024.0,U92836,CROYDON LINK PCN,36L
OLD COULSDON MEDICAL PRACTICE,CR5 1HF,51.30662,-0.117803,E02000237,3.0,133.0,16082.0,3316.0,U38734,SELSDON PURLEY & COULSDON HEALTH PCN,36L
QUEENHILL MEDICAL PRACTICE,CR2 8DU,51.344989,-0.066764,E02000226,2.0,89.0,5133.0,1744.0,U52199,SELSDON ADDINGTON & SHIRLEY PCN,36L
PARKSIDE GROUP PRACTICE,CR2 6EX,51.350644,-0.098523,E02000224,7.0,92.0,11653.0,2049.0,U44012,KESTON MOORINGS & PARKSIDE PCN,36L
KESTON MEDICAL PRACTICE,CR8 2YL,51.34074,-0.11444,E02000230,10.0,322.0,20742.0,3984.0,U44012,KESTON MOORINGS & PARKSIDE PCN,36L
BRIGSTOCK MEDICAL PRACTICE,CR7 7JN,51.3951,-0.109359,E02000202,3.0,113.0,11356.0,1935.0,U74798,CROYDON GP SUPER NETWORK PCN,36L
SELSDON PARK MEDICAL PRACTICE,CR2 8LG,51.342408,-0.064547,E02000226,9.0,152.0,14255.0,3436.0,U38734,SELSDON PURLEY & COULSDON HEALTH PCN,36L
FRIENDS ROAD MEDICAL PRACTICE,CR0 1ED,51.371276,-0.094796,E02006987,0.0,46.0,6436.0,1107.0,U09071,GPNET5 PCN,36L
EVERSLEY MEDICAL CENTRE,CR7 6AR,51.388513,-0.111888,E02000208,1.0,54.0,8862.0,1301.0,U30526,MAYDAY SOUTH PCN,36L
LONDON ROAD MEDICAL PRACTICE,CR7 6AR,51.388513,-0.111888,E02000208,3.0,34.0,4895.0,945.0,U30526,MAYDAY SOUTH PCN,36L
THORNTON HEATH MEDICAL CENTRE,CR7 8RL,51.397745,-0.096068,E02000203,4.0,52.0,4875.0,1001.0,U33024,ONE THORNTON HEATH PCN,36L
MORLAND ROAD SURGERY,CR0 6HA,51.381936,-0.083402,E02000215,3.0,52.0,5518.0,941.0,U74798,CROYDON GP SUPER NETWORK PCN,36L
WOODCOTE MEDICAL,CR8 3EE,51.342242,-0.126281,E02000230,15.0,195.0,14419.0,3310.0,U38734,SELSDON PURLEY & COULSDON HEALTH PCN,36L
ADDINGTON MEDICAL PRACTICE,CR0 0JA,51.344382,-0.018557,E02000225,7.0,58.0,8301.0,1445.0,U52199,SELSDON ADDINGTON & SHIRLEY PCN,36L
HARTLAND WAY SURGERY,CR0 8RG,51.374371,-0.045756,E02000219,0.0,37.0,3573.0,1321.0,U74798,CROYDON GP SUPER NETWORK PCN,36L
BROOM ROAD MEDICAL PRACTICE,CR0 8NG,51.369777,-0.030248,E02000218,1.0,55.0,2786.0,469.0,U52199,SELSDON ADDINGTON & SHIRLEY PCN,36L
HALING PARK MEDICAL PRACTICE,CR2 6AD,51.357076,-0.098085,E02000222,0.0,29.0,3140.0,499.0,U09071,GPNET5 PCN,36L
ASHBURTON PARK MEDICAL CENTRE,CR0 7AG,51.384191,-0.06415,E02000207,3.0,28.0,4097.0,507.0,U74798,CROYDON GP SUPER NETWORK PCN,36L
WHITEHORSE PRACTICE,CR0 2JJ,51.385869,-0.097366,E02000213,2.0,24.0,6233.0,785.0,U74798,CROYDON GP SUPER NETWORK PCN,36L
AUCKLAND SURGERY,SE19 2DF,51.409529,-0.080897,E02000200,3.0,121.0,6457.0,1109.0,U33024,ONE THORNTON HEATH PCN,36L
STOVELL HOUSE SURGERY,CR0 6AH,51.378899,-0.075353,E02000215,0.0,47.0,6904.0,1438.0,U09071,GPNET5 PCN,36L
LEANDER FAMILY PRACTICE,CR7 6JE,51.399131,-0.117272,E02000204,3.0,63.0,8175.0,1143.0,U85744,PRIMARY CARE NORTH CROYDON PCN,36L
SHIRLEY MEDICAL CENTRE,CR0 8BH,51.375138,-0.044832,E02000219,0.0,75.0,5552.0,1882.0,U74798,CROYDON GP SUPER NETWORK PCN,36L
EAST CROYDON MEDICAL CENTRE,CR0 6SD,51.37532,-0.087429,E02000215,5.0,120.0,23263.0,2387.0,U92836,CROYDON LINK PCN,36L
HEADLEY DRIVE SURGERY,CR0 0QL,51.353268,-0.015919,E02000225,2.0,8.0,2425.0,301.0,U30526,MAYDAY SOUTH PCN,36L
THORNTON ROAD & VALLEY PARK SURGERY,CR0 4YD,51.381956,-0.128023,E02000209,2.0,34.0,19166.0,1168.0,U30526,MAYDAY SOUTH PCN,36L
BRAMLEY AVENUE SURGERY,CR5 2DR,51.323233,-0.141681,E02000231,0.0,22.0,2233.0,626.0,U38734,SELSDON PURLEY & COULSDON HEALTH PCN,36L
PARCHMORE MEDICAL CENTRE,CR7 8LY,51.401496,-0.100556,E02000198,4.0,91.0,12361.0,1992.0,U33024,ONE THORNTON HEATH PCN,36L
YOUR FAMILY PRACTICE,CR7 7JH,51.39729,-0.103533,E02000203,4.0,43.0,10340.0,1109.0,U85744,PRIMARY CARE NORTH CROYDON PCN,36L
MERSHAM MEDICAL CENTRE,CR7 8JN,51.40452,-0.096822,E02000198,0.0,31.0,4356.0,656.0,U33024,ONE THORNTON HEATH PCN,36L
SELHURST MEDICAL CENTRE,SE25 5QA,51.390075,-0.088927,E02000206,1.0,25.0,5607.0,442.0,U74798,CROYDON GP SUPER NETWORK PCN,36L
FAIRVIEW MEDICAL CENTRE,SW16 5PX,51.410745,-0.124316,E02000197,2.0,59.0,7368.0,1086.0,U85744,PRIMARY CARE NORTH CROYDON PCN,36L
BIRDHURST MEDICAL PRACTICE,CR2 7DX,51.365206,-0.092591,E02006988,8.0,141.0,7047.0,964.0,U09071,GPNET5 PCN,36L
GREENSIDE GROUP PRACTICE,CR0 2UL,51.380747,-0.103154,E02000213,8.0,24.0,10677.0,741.0,U74798,CROYDON GP SUPER NETWORK PCN,36L
PARK ROAD SURGERY,TW11 0AU,51.423912,-0.334575,E02000804,4.0,96.0,10208.0,2343.0,U84150,HAMPTON PCN,36L
RICHMOND MEDICAL GROUP,SW14 8LP,51.465767,-0.267847,E02000788,4.0,146.0,14622.0,2972.0,U32828,SHEEN & BARNES PCN,36L
ACORN GROUP PRACTICE,TW1 4EA,51.447072,-0.329228,E02000797,1.0,64.0,5966.0,1491.0,U49896,TEDDINGTON PCN,36L
CANBURY MEDICAL CENTRE,KT2 6HR,51.414337,-0.297173,E02000601,1.0,35.0,8109.0,1582.0,U37262,CANBURY CHURCHILL ORCHARD BERRYLANDS PCN,36L
YORK MEDICAL PRACTICE,TW1 3PA,51.449369,-0.325675,E02000797,0.0,46.0,12943.0,2045.0,U96434,EAST TWICKENHAM PCN,36L
BRUNSWICK SURGERY,KT6 6EZ,51.390825,-0.299929,E02000610,2.0,55.0,7778.0,1210.0,U72231,SURBITON HEALTH CENTRE PCN,36L
GROVES MEDICAL CENTRE,KT3 3TX,51.410047,-0.262218,E02000605,2.0,240.0,13464.0,3067.0,U88126,NEW MALDEN & WORCESTER PARK PCN,36L
BROAD LANE SURGERY,TW12 3AX,51.422874,-0.368126,E02000806,0.0,30.0,5989.0,1240.0,U84150,HAMPTON PCN,36L
FAIRHILL MEDICAL PRACTICE,KT2 7PX,51.417069,-0.282848,E02000600,1.0,45.0,21338.0,1824.0,U52814,KINGSTON PCN,36L
ESSEX HOUSE SURGERY,SW13 0LW,51.472542,-0.247446,E02000786,2.0,54.0,11977.0,1791.0,U32828,SHEEN & BARNES PCN,36L
HOOK SURGERY,KT9 2GY,51.359148,-0.31206,E02000617,0.0,40.0,6405.0,1099.0,U19424,CHESSINGTON AND SURBITON PCN,36L
CHURCHILL MEDICAL CENTRE,KT2 6PG,51.413388,-0.288192,E02000600,2.0,61.0,15398.0,2238.0,U37262,CANBURY CHURCHILL ORCHARD BERRYLANDS PCN,36L
CENTRAL SURGERY,KT6 6EZ,51.390825,-0.299929,E02000610,2.0,171.0,9939.0,2810.0,U72231,SURBITON HEALTH CENTRE PCN,36L
JUBILEE SURGERY,TW2 6JL,51.44496,-0.361741,E02000796,1.0,45.0,4741.0,1055.0,U96434,EAST TWICKENHAM PCN,36L
HAMPTON WICK SURGERY,KT1 4DY,51.415592,-0.313061,E02000805,4.0,112.0,7045.0,1850.0,U49896,TEDDINGTON PCN,36L
ST ALBANS MEDICAL CENTRE,KT2 5HF,51.421949,-0.302457,E02000598,0.0,34.0,5107.0,1363.0,U52814,KINGSTON PCN,36L
ORCHARD PRACTICE,KT9 1AG,51.369115,-0.303519,E02000615,2.0,52.0,6975.0,1540.0,U37262,CANBURY CHURCHILL ORCHARD BERRYLANDS PCN,36L
CROSS DEEP SURGERY,TW1 4QP,51.445008,-0.330167,E02000797,3.0,89.0,9855.0,1957.0,U96434,EAST TWICKENHAM PCN,36L
HAMPTON MEDICAL CENTRE,TW12 2PB,51.418413,-0.372642,E02000806,2.0,162.0,8768.0,2516.0,U84150,HAMPTON PCN,36L
HOLMWOOD CORNER SURGERY,KT3 6DR,51.397521,-0.255016,E02000609,6.0,97.0,11478.0,2174.0,U88126,NEW MALDEN & WORCESTER PARK PCN,36L
THE GREEN & FIR ROAD,TW2 5TU,51.443826,-0.340614,E02000799,2.0,30.0,7230.0,1112.0,U49896,TEDDINGTON PCN,36L
TWICKENHAM PARK SURGERY,TW1 2AR,51.454999,-0.315091,E02000792,3.0,76.0,7529.0,1138.0,U96434,EAST TWICKENHAM PCN,36L
CHESSINGTON PARK SURGERY,KT9 2GY,51.359148,-0.31206,E02000617,0.0,46.0,6211.0,1317.0,U19424,CHESSINGTON AND SURBITON PCN,36L
ROSELAWN SURGERY,KT3 6AA,51.39718,-0.25569,E02000609,0.0,70.0,6458.0,957.0,U88126,NEW MALDEN & WORCESTER PARK PCN,36L
BERRYLANDS SURGERY,KT6 6EZ,51.390825,-0.299929,E02000610,1.0,40.0,5563.0,880.0,U37262,CANBURY CHURCHILL ORCHARD BERRYLANDS PCN,36L
RED LION ROAD SURGERY,KT6 7QG,51.381609,-0.290139,E02000613,1.0,19.0,3068.0,482.0,U19424,CHESSINGTON AND SURBITON PCN,36L
SHEEN LANE SURGERY,SW14 8LP,51.465767,-0.267847,E02000788,1.0,76.0,9441.0,1912.0,U32828,SHEEN & BARNES PCN,36L
STAINES ROAD MEDICAL CENTRE,TW2 5AU,51.439672,-0.357901,E02000798,0.0,12.0,3306.0,425.0,U84150,HAMPTON PCN,36L
THAMESIDE MEDICAL PRACTICE,TW11 8HU,51.427449,-0.326578,E02000801,1.0,22.0,4506.0,706.0,U49896,TEDDINGTON PCN,36L
RICHMOND LOCK SURGERY,TW1 1PS,51.464517,-0.322875,E02000790,2.0,25.0,6449.0,1181.0,U96434,EAST TWICKENHAM PCN,36L
KINGSTON HEALTH CENTRE,KT2 5AD,51.414265,-0.304611,E02000601,5.0,44.0,26710.0,2009.0,U52814,KINGSTON PCN,36L
LANGLEY MEDICAL PRACTICE,KT6 6EZ,51.390825,-0.299929,E02000610,0.0,70.0,7330.0,1315.0,U72231,SURBITON HEALTH CENTRE PCN,36L
SUNRAY SURGERY,KT5 9QD,51.382643,-0.274809,E02000611,1.0,15.0,4635.0,681.0,U19424,CHESSINGTON AND SURBITON PCN,36L
CLAREMONT MEDICAL CENTRE,KT6 6BS,51.390807,-0.30611,E02000610,0.0,22.0,9794.0,1088.0,U19424,CHESSINGTON AND SURBITON PCN,36L
HAMPTON HILL MEDICAL CENTRE,TW12 1NY,51.42758,-0.354868,E02000802,4.0,53.0,7200.0,1401.0,U49896,TEDDINGTON PCN,36L
WOODLAWN MEDICAL CENTRE,TW2 6EE,51.444444,-0.366652,E02000796,1.0,50.0,4468.0,753.0,U96434,EAST TWICKENHAM PCN,36L
CRANE PARK SURGERY,TW2 6JL,51.44496,-0.361741,E02000796,0.0,10.0,3310.0,367.0,U96434,EAST TWICKENHAM PCN,36L
MANOR DRIVE MEDICAL CENTRE,KT4 7LG,51.380785,-0.248366,E02000612,2.0,93.0,13812.0,2657.0,U88126,NEW MALDEN & WORCESTER PARK PCN,36L
WANDSWORTH MEDICAL CENTRE,SW18 4DD,51.453708,-0.192163,E02000940,4.0,32.0,18223.0,1085.0,U61963,WANDLE PCN,36L
FALCON ROAD MEDICAL CENTRE,SW11 2PH,51.46889,-0.170815,E02000930,1.0,28.0,10972.0,928.0,U73458,WANDSWORTH PCN,36L
QUEENSTOWN ROAD MEDICAL PRACTICE,SW8 3RX,51.466912,-0.150233,E02000630,0.0,35.0,6108.0,886.0,U42154,BATTERSEA PCN,36L
MAYFIELD SURGERY,SW15 4AA,51.448265,-0.23751,E02000938,1.0,53.0,5682.0,853.0,U97650,PRIME WANDSWORTH PCN,36L
SOUTHFIELDS GROUP PRACTICE,SW18 5AE,51.441714,-0.197572,E02000947,2.0,59.0,8982.0,1755.0,U61963,WANDLE PCN,36L
ROEHAMPTON SURGERY,SW15 4HN,51.451153,-0.242393,E02000945,2.0,138.0,5550.0,1109.0,U45842,WEST WANDSWORTH PCN,36L
BEDFORD HILL FAMILY PRACTICE,SW12 9HS,51.440805,-0.149014,E02000952,2.0,57.0,12556.0,1578.0,U42598,"BALHAM, TOOTING & FURZEDOWN PCN",36L
GREYSWOOD PRACTICE,SW16 6PX,51.419461,-0.144771,E02000959,3.0,61.0,9099.0,1370.0,U42598,"BALHAM, TOOTING & FURZEDOWN PCN",36L
PUTNEYMEAD GROUP MEDICAL PRACTICE,SW15 6TQ,51.461679,-0.219992,E02000932,2.0,141.0,21531.0,2672.0,U45842,WEST WANDSWORTH PCN,36L
MULGRAVE ROAD SURGERY,SM2 6LX,51.358332,-0.196293,E02000857,1.0,47.0,7318.0,1420.0,U07607,CENTRAL SUTTON PCN,36L
NELSON MEDICAL PRACTICE,SW20 8DA,51.40983,-0.2102,E02000699,5.0,226.0,27816.0,4642.0,U44050,SOUTH WEST MERTON PCN,36L
PARK ROAD MEDICAL CENTRE,SM6 8AW,51.363488,-0.150927,E02000856,0.0,22.0,4244.0,671.0,U66620,WALLINGTON PCN,36L
MITCHAM & TOOTING HEALTH,CR4 3PR,51.407323,-0.181684,E02000700,3.0,101.0,6791.0,1231.0,U77811,NORTH MERTON PCN,36L
FRANCIS GROVE SURGERY,SW19 4DL,51.419821,-0.209033,E02000692,1.0,37.0,13330.0,1557.0,U00070,WEST MERTON PCN,36L
WIMBLEDON VILLAGE SURGERY,SW19 5BY,51.425294,-0.219377,E02000690,1.0,148.0,10430.0,2822.0,U52546,NORTH WEST MERTON PCN,36L
WIMBLEDON MEDICAL PRACTICE,SW19 1NX,51.41759,-0.19842,E02000697,1.0,62.0,9801.0,1142.0,U52546,NORTH WEST MERTON PCN,36L
OLD COURT HOUSE SURGERY,SM1 4AF,51.364047,-0.19252,E02000851,2.0,112.0,10767.0,2399.0,U07607,CENTRAL SUTTON PCN,36L
BENHILL & BELMONT GP CENTRE,SM1 4EB,51.366602,-0.190265,E02000851,4.0,146.0,10027.0,1834.0,U92151,CHEAM AND SOUTH SUTTON PCN,36L
TAMWORTH HOUSE MEDICAL CENTRE,CR4 1DL,51.401255,-0.146212,E02000705,7.0,75.0,8180.0,1506.0,U45943,EAST MERTON PCN,36L
CRICKET GREEN MEDICAL PRACTICE,CR4 3DA,51.404578,-0.174,E02000706,5.0,114.0,9716.0,1558.0,U45943,EAST MERTON PCN,36L
EARLSFIELD SURGERY,SW18 4HH,51.438296,-0.187606,E02000953,3.0,45.0,13990.0,1183.0,U61963,WANDLE PCN,36L
BRIDGE LANE GROUP PRACTICE,SW11 3AD,51.474142,-0.167394,E02000926,2.0,81.0,11921.0,1954.0,U42154,BATTERSEA PCN,36L
CHATFIELD HEALTH CARE,SW11 3UJ,51.465864,-0.182108,E02000926,3.0,74.0,11154.0,1442.0,U73458,WANDSWORTH PCN,36L
BROCKLEBANK GROUP PRACTICE,SW18 4DU,51.448456,-0.189218,E02000940,3.0,91.0,14528.0,1693.0,U71206,BROCKLEBANK PCN,36L
BATTERSEA RISE GROUP PRACTICE,SW11 1HG,51.460807,-0.163436,E02000930,0.0,19.0,6179.0,564.0,U42154,BATTERSEA PCN,36L
LAMBTON ROAD MEDICAL PRACTICE,SW20 0LW,51.411253,-0.231039,E02000698,4.0,118.0,16201.0,2304.0,U00070,WEST MERTON PCN,36L
STREATHAM PARK SURGERY,SW16 6LY,51.424448,-0.141088,E02000959,2.0,41.0,3664.0,665.0,U42598,"BALHAM, TOOTING & FURZEDOWN PCN",36L
WEST BARNES SURGERY,KT3 6JD,51.397642,-0.233648,E02000708,2.0,67.0,5775.0,1460.0,U88126,NEW MALDEN & WORCESTER PARK PCN,36L
ELBOROUGH STREET SURGERY,SW18 5DS,51.441036,-0.200851,E02000947,1.0,19.0,7352.0,706.0,U61963,WANDLE PCN,36L
HEATHBRIDGE PRACTICE,SW15 2TL,51.460102,-0.215073,E02000933,3.0,69.0,21019.0,2008.0,U97650,PRIME WANDSWORTH PCN,36L
CHEAM GP CENTRE,SM3 8EP,51.368517,-0.224899,E02000848,5.0,133.0,9044.0,2875.0,U92151,CHEAM AND SOUTH SUTTON PCN,36L
ALTON PRACTICE,SW15 4LE,51.44913,-0.239376,E02000945,0.0,16.0,4109.0,406.0,U45842,WEST WANDSWORTH PCN,36L
BALHAM PARK SURGERY,SW17 7AW,51.440487,-0.155661,E02000951,5.0,89.0,17849.0,1948.0,U02454,NIGHTINGALE PCN,36L
DANEBURY AVENUE SURGERY,SW15 4DU,51.452353,-0.248622,E02000935,2.0,11.0,2611.0,320.0,U45842,WEST WANDSWORTH PCN,36L
LAVENDER HILL GROUP PRACTICE,SW11 5TU,51.466044,-0.156805,E02000927,0.0,60.0,13879.0,1266.0,U42154,BATTERSEA PCN,36L
HAIDER PRACTICE,SW11 1SW,51.459968,-0.179391,E02000934,0.0,18.0,5094.0,437.0,U71206,BROCKLEBANK PCN,36L
BOLINGBROKE MEDICAL CENTRE,SW11 6BF,51.45617,-0.168257,E02000937,0.0,27.0,5899.0,684.0,U73458,WANDSWORTH PCN,36L
MITCHAM FAMILY PRACTICE,CR4 3HS,51.410072,-0.167066,E02000706,1.0,12.0,3904.0,473.0,U77811,NORTH MERTON PCN,36L
TRIANGLE SURGERY,SW18 4HX,51.456707,-0.198291,E02000940,1.0,16.0,4060.0,467.0,U61963,WANDLE PCN,36L
OPEN DOOR SURGERY,SW12 8EU,51.443166,-0.155582,E02000949,0.0,48.0,8563.0,1528.0,U42598,"BALHAM, TOOTING & FURZEDOWN PCN",36L
CLAPHAM JUNCTION MEDICAL PRACTICE,SW11 2EJ,51.465961,-0.173898,E02000929,1.0,16.0,2161.0,334.0,U73458,WANDSWORTH PCN,36L
FIGGES MARSH SURGERY,CR4 3LD,51.410648,-0.161938,E02000701,2.0,34.0,9982.0,1115.0,U45943,EAST MERTON PCN,36L
RIVERHOUSE MEDICAL PRACTICE,SW19 1YG,51.420913,-0.183532,E02000694,0.0,22.0,5456.0,677.0,U77811,NORTH MERTON PCN,36L
ROBIN HOOD LANE HEALTH CENTRE,SM1 2RJ,51.362992,-0.196986,E02000857,3.0,92.0,14280.0,1697.0,U07607,CENTRAL SUTTON PCN,36L
ST PAULS COTTAGE SURGERY,SW19 6EW,51.44329,-0.217699,E02000950,0.0,31.0,6828.0,770.0,U71206,BROCKLEBANK PCN,36L
GRAND DRIVE SURGERY,SW20 9EA,51.402161,-0.228615,E02000708,4.0,58.0,7828.0,1327.0,U44050,SOUTH WEST MERTON PCN,36L
CHEAM FAMILY PRACTICE,SM3 8BS,51.358246,-0.217669,E02000855,12.0,214.0,11492.0,2396.0,U92151,CHEAM AND SOUTH SUTTON PCN,36L
BATTERSEA FIELDS PRACTICE,SW11 5JP,51.473666,-0.154842,E02000923,1.0,89.0,13486.0,1017.0,U42154,BATTERSEA PCN,36L
VINEYARD HILL ROAD SURGERY,SW19 7JL,51.431869,-0.201182,E02000689,0.0,7.0,5275.0,613.0,U52546,NORTH WEST MERTON PCN,36L
MALDON ROAD SURGERY,SM6 8BL,51.365023,-0.147892,E02000849,0.0,25.0,3977.0,775.0,U66620,WALLINGTON PCN,36L
THURLEIGH ROAD PRACTICE,SW12 8TT,51.452774,-0.155281,E02000939,0.0,52.0,11822.0,1451.0,U02454,NIGHTINGALE PCN,36L
SHOTFIELD MEDICAL PRACTICE,SM6 0HY,51.357264,-0.150862,E02000859,4.0,179.0,9543.0,2688.0,U66620,WALLINGTON PCN,36L
MANOR PRACTICE,SM6 0DE,51.361959,-0.150342,E02000856,3.0,68.0,10422.0,1369.0,U66620,WALLINGTON PCN,36L
JAMES O'RIORDAN MEDICAL CENTRE,SM3 9HE,51.385201,-0.212641,E02000842,3.0,43.0,7712.0,1484.0,U92151,CHEAM AND SOUTH SUTTON PCN,36L
MERTON MEDICAL PRACTICE,SW19 1DG,51.41589,-0.185544,E02000694,3.0,19.0,7154.0,567.0,U77811,NORTH MERTON PCN,36L
BALHAM HEALTH CENTRE,SW12 9HS,51.440805,-0.149014,E02000952,0.0,6.0,979.0,243.0,U42598,"BALHAM, TOOTING & FURZEDOWN PCN",36L
COLLIERS WOOD SURGERY,SW19 2BY,51.420758,-0.175858,E02000693,2.0,21.0,9531.0,1149.0,U77811,NORTH MERTON PCN,36L
WALLINGTON FAMILY PRACTICE,SM6 0HY,51.357264,-0.150862,E02000859,4.0,184.0,15986.0,3443.0,U66620,WALLINGTON PCN,36L
ALEXANDRA ROAD SURGERY,SW19 7JZ,51.422893,-0.205864,E02000691,1.0,12.0,4733.0,683.0,U52546,NORTH WEST MERTON PCN,36L
ST JOHNS HILL SURGERY,SW11 1SW,51.459968,-0.179391,E02000934,1.0,60.0,11517.0,588.0,U73458,WANDSWORTH PCN,36L
BEECHES SURGERY,SM5 3RB,51.358295,-0.171274,E02000854,0.0,22.0,4406.0,1118.0,U66620,WALLINGTON PCN,36L
TOOTING BEC SURGERY,SW17 7BA,51.436019,-0.158632,E02000951,0.0,4.0,1814.0,57.0,U,Unallocated,36L
TOOTING SOUTH MEDICAL CENTRE,SW17 9HQ,51.421774,-0.161491,E02000957,0.0,32.0,9451.0,721.0,U42598,"BALHAM, TOOTING & FURZEDOWN PCN",36L
TUDOR LODGE HEALTH CENTRE,SW19 6AE,51.445999,-0.219652,E02000944,1.0,26.0,10307.0,828.0,U97650,PRIME WANDSWORTH PCN,36L
GROVE ROAD PRACTICE,SM1 2DB,51.3582,-0.202316,E02000857,3.0,75.0,9898.0,1693.0,U07607,CENTRAL SUTTON PCN,36L
NIGHTINGALE PRACTICE,SW12 8NB,51.449355,-0.159722,E02000939,2.0,46.0,2.0,74.0,U02454,NIGHTINGALE PCN,36L
THE GRANTHAM PRACTICE,SW9 9BH,51.470435,-0.124058,E02000627,1.0,28.0,8092.0,795.0,U65434,STOCKWELLBEING PCN,72Q
CHARTFIELD SURGERY,SW15 6HG,51.457191,-0.227666,E02000933,0.0,57.0,10915.0,1636.0,U97650,PRIME WANDSWORTH PCN,36L
GLEBE ROAD SURGERY,SW13 0DR,51.473609,-0.242481,E02000784,2.0,111.0,7459.0,2169.0,U32828,SHEEN & BARNES PCN,36L
GRAFTON MEDICAL PARTNERS,SW17 0RT,51.42495,-0.171361,E02000956,7.0,168.0,41479.0,3573.0,U78272,GRAFTON MEDICAL PARTNERS PCN,36L
JUNCTION HEALTH CENTRE,SW11 2NU,51.465168,-0.17092,E02000929,0.0,5.0,8067.0,193.0,U73458,WANDSWORTH PCN,36L
AT MEDICS,SE28 0NY,51.498473,0.090299,E02000314,2.0,6.0,11894.0,506.0,U11690,RIVERVIEW HEALTH PCN,72Q
HETHERINGTON AT THE PAVILION,SW9 8DJ,51.461634,-0.116371,E02000633,0.0,23.0,7230.0,605.0,U36779,BRIXTON AND CLAPHAM PARK PCN,72Q
GREENWICH PENINSULA,SE10 0QN,51.493259,0.012065,E02006993,16.0,347.0,12757.0,1233.0,U46593,GREENWICH WEST PCN,72Q
COUNTRY PARK PRACTICE,SE25 5NT,51.393136,-0.067252,E02000207,3.0,42.0,6252.0,1011.0,U74798,CROYDON GP SUPER NETWORK PCN,36L
DENMARK ROAD SURGERY,SE25 5NT,51.393136,-0.067252,E02000207,0.0,40.0,4745.0,851.0,U74798,CROYDON GP SUPER NETWORK PCN,36L
QHS GP CARE HOME SERVICE,SE16 4BL,51.49695,-0.069462,E02000810,8.0,297.0,29.0,426.0,U06180,NORTH SOUTHWARK PCN,72Q
BROMLEAG CARE PRACTICE,BR3 1DU,51.409645,-0.026666,E02000132,10.0,820.0,79.0,1381.0,U87524,ORPINGTON PCN,72Q
SEL SPECIAL ALLOCATION PRACTICE,SE23 1RJ,51.442931,-0.040845,E02000671,0.0,1.0,197.0,11.0,U58020,SEVENFIELDS PCN,72Q
ONE CARE LAMBETH,SE23 1RJ,51.442931,-0.040845,E02000671,2.0,44.0,111.0,136.0,U39721,"HILLS, BROOKS & DALES GROUP PCN",72Q
ONE CARE LEWISHAM,SE23 1RJ,51.442931,-0.040845,E02000671,8.0,138.0,37.0,276.0,U53896,NORTH LEWISHAM PCN,72Q
