PUBLICATION,EXTRACT_DATE,PRACTICE_CODE,PRACTICE_NAME,PRACTICE_POSTCODE,PCN_CODE,PCN_NAME,ONS_SUB_ICB_LOCATION_CODE,SUB_ICB_LOCATION_CODE,SUB_ICB_LOCATION_NAME,ONS_ICB_CODE,ICB_CODE,ICB_NAME,ONS_COMM_REGION_CODE,COMM_REGION_CODE,COMM_REGION_NAME,SUPPLIER_NAME
GP_PRAC_PAT_LIST,01Mar2026,G83001,MANOR BROOK PMS,SE3 0EN,U00254,BLACKHEATH AND CHARLTON PCN,E38000244,72Q,NHS South East London ICB - 72Q,E54000030,QKK,NHS South East London Integrated Care Board,E40000003,Y56,London,EMIS
GP_PRAC_PAT_LIST,01Mar2026,G83002,THE WESTWOOD SURGERY,DA16 2HE,U88820,CLOCKTOWER PCN,E38000244,72Q,NHS South East London ICB - 72Q,E54000030,QKK,NHS South East London Integrated Care Board,E40000003,Y56,London,EMIS
GP_PRAC_PAT_LIST,01Mar2026,G83004,BARNARD MEDICAL GROUP,DA14 4TA,U50197,FROGNAL PCN,E38000244,72Q,NHS South East London ICB - 72Q,E54000030,QKK,NHS South East London Integrated Care Board,E40000003,Y56,London,EMIS
GP_PRAC_PAT_LIST,01Mar2026,G83006,THE ALBION SURGERY,DA6 7LP,U07140,APL BEXLEY PCN,E38000244,72Q,NHS South East London ICB - 72Q,E54000030,QKK,NHS South East London Integrated Care Board,E40000003,Y56,London,EMIS
GP_PRAC_PAT_LIST,01Mar2026,G83009,BELLEGROVE SURGERY,DA16 3RE,U88820,CLOCKTOWER PCN,E38000244,72Q,NHS South East London ICB - 72Q,E54000030,QKK,NHS South East London Integrated Care Board,E40000003,Y56,London,EMIS
GP_PRAC_PAT_LIST,01Mar2026,G83010,NORTHUMBERLAND HEATH MED.CTR.,DA8 3DB,U67110,NORTH BEXLEY PCN,E38000244,72Q,NHS South East London ICB - 72Q,E54000030,QKK,NHS South East London Integrated Care Board,E40000003,Y56,London,EMIS
GP_PRAC_PAT_LIST,01Mar2026,G83012,GALLIONS REACH HEALTH CENTRE,SE28 8BE,U11690,RIVERVIEW HEALTH PCN,E38000244,72Q,NHS South East London ICB - 72Q,E54000030,QKK,NHS South East London Integrated Care Board,E40000003,Y56,London,EMIS
GP_PRAC_PAT_LIST,01Mar2026,G83013,BLACKHEATH STANDARD PMS,SE3 7HB,U00254,BLACKHEATH AND CHARLTON PCN,E38000244,72Q,NHS South East London ICB - 72Q,E54000030,QKK,NHS South East London Integrated Care Board,E40000003,Y56,London,EMIS
GP_PRAC_PAT_LIST,01Mar2026,G83015,ELTHAM PALACE PMS,SE9 5DQ,U39263,ELTHAM PCN,E38000244,72Q,NHS South East London ICB - 72Q,E54000030,QKK,NHS South East London Integrated Care Board,E40000003,Y56,London,EMIS
GP_PRAC_PAT_LIST,01Mar2026,G83016,ROYAL ARSENAL MEDICAL CENTRE,SE18 6TE,U11690,RIVERVIEW HEALTH PCN,E38000244,72Q,NHS South East London ICB - 72Q,E54000030,QKK,NHS South East London Integrated Care Board,E40000003,Y56,London,EMIS
GP_PRAC_PAT_LIST,01Mar2026,G83018,LAKESIDE MEDICAL,SE2 9LH,U67110,NORTH BEXLEY PCN,E38000244,72Q,NHS South East London ICB - 72Q,E54000030,QKK,NHS South East London Integrated Care Board,E40000003,Y56,London,EMIS
GP_PRAC_PAT_LIST,01Mar2026,G83019,PLUMSTEAD H/C PMS,SE18 1BB,U93499,UNITY (GREENWICH) PCN,E38000244,72Q,NHS South East London ICB - 72Q,E54000030,QKK,NHS South East London Integrated Care Board,E40000003,Y56,London,EMIS
GP_PRAC_PAT_LIST,01Mar2026,G83021,VANBRUGH GROUP PRACTICE,SE10 9GB,U00254,BLACKHEATH AND CHARLTON PCN,E38000244,72Q,NHS South East London ICB - 72Q,E54000030,QKK,NHS South East London Integrated Care Board,E40000003,Y56,London,EMIS
GP_PRAC_PAT_LIST,01Mar2026,G83024,INGLETON AVENUE SURGERY,DA16 2JZ,U,Unallocated,E38000244,72Q,NHS South East London ICB - 72Q,E54000030,QKK,NHS South East London Integrated Care Board,E40000003,Y56,London,Unknown
GP_PRAC_PAT_LIST,01Mar2026,G83025,WELLING MEDICAL PRACTICE,DA16 2AT,U88820,CLOCKTOWER PCN,E38000244,72Q,NHS South East London ICB - 72Q,E54000030,QKK,NHS South East London Integrated Care Board,E40000003,Y56,London,EMIS
GP_PRAC_PAT_LIST,01Mar2026,G83026,TRIVENI PMS,SE18 5TE,U24992,HERITAGE PCN,E38000244,72Q,NHS South East London ICB - 72Q,E54000030,QKK,NHS South East London Integrated Care Board,E40000003,Y56,London,EMIS
GP_PRAC_PAT_LIST,01Mar2026,G83027,EVEREST HEALTH PARTNERSHIP,SE9 6ER,U39263,ELTHAM PCN,E38000244,72Q,NHS South East London ICB - 72Q,E54000030,QKK,NHS South East London Integrated Care Board,E40000003,Y56,London,EMIS
GP_PRAC_PAT_LIST,01Mar2026,G83028,BEXLEY GROUP PRACTICE,DA16 3HQ,U88820,CLOCKTOWER PCN,E38000244,72Q,NHS South East London ICB - 72Q,E54000030,QKK,NHS South East London Integrated Care Board,E40000003,Y56,London,EMIS
GP_PRAC_PAT_LIST,01Mar2026,G83029,PLAS MEDDYG SURGERY,DA5 1HU,U07140,APL BEXLEY PCN,E38000244,72Q,NHS South East London ICB - 72Q,E54000030,QKK,NHS South East London Integrated Care Board,E40000003,Y56,London,EMIS
GP_PRAC_PAT_LIST,01Mar2026,G83030,ALL SAINTS MEDICAL CENTRE PMS,SE18 3PS,U93499,UNITY (GREENWICH) PCN,E38000244,72Q,NHS South East London ICB - 72Q,E54000030,QKK,NHS South East London Integrated Care Board,E40000003,Y56,London,EMIS
GP_PRAC_PAT_LIST,01Mar2026,G83031,ABBEY WOOD SURGERY,SE2 9AT,U93499,UNITY (GREENWICH) PCN,E38000244,72Q,NHS South East London ICB - 72Q,E54000030,QKK,NHS South East London Integrated Care Board,E40000003,Y56,London,EMIS
GP_PRAC_PAT_LIST,01Mar2026,G83033,DR DAVIES & PARTNER,DA7 5HL,U88820,CLOCKTOWER PCN,E38000244,72Q,NHS South East London ICB - 72Q,E54000030,QKK,NHS South East London Integrated Care Board,E40000003,Y56,London,EMIS
GP_PRAC_PAT_LIST,01Mar2026,G83039,ST MARKS PMS,SE18 3EP,U11690,RIVERVIEW HEALTH PCN,E38000244,72Q,NHS South East London ICB - 72Q,E54000030,QKK,NHS South East London Integrated Care Board,E40000003,Y56,London,EMIS
GP_PRAC_PAT_LIST,01Mar2026,G83044,FAIRFIELD PMS,SE7 8TX,U00254,BLACKHEATH AND CHARLTON PCN,E38000244,72Q,NHS South East London ICB - 72Q,E54000030,QKK,NHS South East London Integrated Care Board,E40000003,Y56,London,EMIS
GP_PRAC_PAT_LIST,01Mar2026,G83046,BURSTED WOOD SURGERY,DA7 6HZ,U07140,APL BEXLEY PCN,E38000244,72Q,NHS South East London ICB - 72Q,E54000030,QKK,NHS South East London Integrated Care Board,E40000003,Y56,London,EMIS
GP_PRAC_PAT_LIST,01Mar2026,G83049,LYNDHURST ROAD MEDICAL CENTRE,DA7 6DL,U07140,APL BEXLEY PCN,E38000244,72Q,NHS South East London ICB - 72Q,E54000030,QKK,NHS South East London Integrated Care Board,E40000003,Y56,London,EMIS
GP_PRAC_PAT_LIST,01Mar2026,G83052,BELVEDERE MEDICAL CENTRE,DA17 5LQ,U67110,NORTH BEXLEY PCN,E38000244,72Q,NHS South East London ICB - 72Q,E54000030,QKK,NHS South East London Integrated Care Board,E40000003,Y56,London,EMIS
GP_PRAC_PAT_LIST,01Mar2026,G83053,BEXLEY MEDICAL GROUP,DA7 5RB,U67110,NORTH BEXLEY PCN,E38000244,72Q,NHS South East London ICB - 72Q,E54000030,QKK,NHS South East London Integrated Care Board,E40000003,Y56,London,EMIS
GP_PRAC_PAT_LIST,01Mar2026,G83057,WOODLANDS SURGERY,DA15 8DF,U50197,FROGNAL PCN,E38000244,72Q,NHS South East London ICB - 72Q,E54000030,QKK,NHS South East London Integrated Care Board,E40000003,Y56,London,EMIS
GP_PRAC_PAT_LIST,01Mar2026,G83058,PRIMECARE PMS (SOUTH STREET),SE10 8NT,U39263,ELTHAM PCN,E38000244,72Q,NHS South East London ICB - 72Q,E54000030,QKK,NHS South East London Integrated Care Board,E40000003,Y56,London,EMIS
GP_PRAC_PAT_LIST,01Mar2026,G83060,GLYNDON PMS,SE18 7LU,U93499,UNITY (GREENWICH) PCN,E38000244,72Q,NHS South East London ICB - 72Q,E54000030,QKK,NHS South East London Integrated Care Board,E40000003,Y56,London,EMIS
GP_PRAC_PAT_LIST,01Mar2026,G83062,SLADE GREEN MEDICAL CTR.,DA8 2HS,U67110,NORTH BEXLEY PCN,E38000244,72Q,NHS South East London ICB - 72Q,E54000030,QKK,NHS South East London Integrated Care Board,E40000003,Y56,London,EMIS
GP_PRAC_PAT_LIST,01Mar2026,G83065,BURNEY STREET PMS,SE10 8EX,U46593,GREENWICH WEST PCN,E38000244,72Q,NHS South East London ICB - 72Q,E54000030,QKK,NHS South East London Integrated Care Board,E40000003,Y56,London,EMIS
GP_PRAC_PAT_LIST,01Mar2026,G83066,SIDCUP MEDICAL CENTRE,DA14 6BU,U50197,FROGNAL PCN,E38000244,72Q,NHS South East London ICB - 72Q,E54000030,QKK,NHS South East London Integrated Care Board,E40000003,Y56,London,EMIS
GP_PRAC_PAT_LIST,01Mar2026,G83067,VALENTINE HEALTH PARTNERSHIP,SE18 6PZ,U94126,VALENTINE HEALTH PCN,E38000244,72Q,NHS South East London ICB - 72Q,E54000030,QKK,NHS South East London Integrated Care Board,E40000003,Y56,London,EMIS
GP_PRAC_PAT_LIST,01Mar2026,G83628,NEW ELTHAM AND BLACKFEN MEDICAL CENTRE,SE9 3PT,U39263,ELTHAM PCN,E38000244,72Q,NHS South East London ICB - 72Q,E54000030,QKK,NHS South East London Integrated Care Board,E40000003,Y56,London,EMIS
GP_PRAC_PAT_LIST,01Mar2026,G83630,RIVERSIDE SURGERY,DA8 1RQ,U67110,NORTH BEXLEY PCN,E38000244,72Q,NHS South East London ICB - 72Q,E54000030,QKK,NHS South East London Integrated Care Board,E40000003,Y56,London,EMIS
GP_PRAC_PAT_LIST,01Mar2026,G83631,ABBEYSLADE PMS (DR CHAND),SE2 0ER,U24992,HERITAGE PCN,E38000244,72Q,NHS South East London ICB - 72Q,E54000030,QKK,NHS South East London Integrated Care Board,E40000003,Y56,London,EMIS
GP_PRAC_PAT_LIST,01Mar2026,G83633,CONWAY PMS,SE18 1AH,U11690,RIVERVIEW HEALTH PCN,E38000244,72Q,NHS South East London ICB - 72Q,E54000030,QKK,NHS South East London Integrated Care Board,E40000003,Y56,London,EMIS
GP_PRAC_PAT_LIST,01Mar2026,G83635,WAVERLEY PMS,SE18 7QU,U24992,HERITAGE PCN,E38000244,72Q,NHS South East London ICB - 72Q,E54000030,QKK,NHS South East London Integrated Care Board,E40000003,Y56,London,EMIS
GP_PRAC_PAT_LIST,01Mar2026,G83641,PLUMBRIDGE MEDICAL CENTRE,SE10 8PA,U46593,GREENWICH WEST PCN,E38000244,72Q,NHS South East London ICB - 72Q,E54000030,QKK,NHS South East London Integrated Care Board,E40000003,Y56,London,EMIS
GP_PRAC_PAT_LIST,01Mar2026,G83642,CRAYFORD TOWN SURGERY,DA1 4ER,U67110,NORTH BEXLEY PCN,E38000244,72Q,NHS South East London ICB - 72Q,E54000030,QKK,NHS South East London Integrated Care Board,E40000003,Y56,London,EMIS
GP_PRAC_PAT_LIST,01Mar2026,G83647,PLUMSTEAD AND WICKHAM LANE SURGERY,SE18 1SE,U24992,HERITAGE PCN,E38000244,72Q,NHS South East London ICB - 72Q,E54000030,QKK,NHS South East London Integrated Care Board,E40000003,Y56,London,EMIS
GP_PRAC_PAT_LIST,01Mar2026,G83651,WOODLANDS SURGERY,SE10 9UB,U46593,GREENWICH WEST PCN,E38000244,72Q,NHS South East London ICB - 72Q,E54000030,QKK,NHS South East London Integrated Care Board,E40000003,Y56,London,EMIS
GP_PRAC_PAT_LIST,01Mar2026,G83654,BANNOCKBURN SURGERY,SE18 1ES,U24992,HERITAGE PCN,E38000244,72Q,NHS South East London ICB - 72Q,E54000030,QKK,NHS South East London Integrated Care Board,E40000003,Y56,London,EMIS
GP_PRAC_PAT_LIST,01Mar2026,G83673,ELMSTEAD MEDICAL CLINIC,SE9 3JD,U39263,ELTHAM PCN,E38000244,72Q,NHS South East London ICB - 72Q,E54000030,QKK,NHS South East London Integrated Care Board,E40000003,Y56,London,EMIS
GP_PRAC_PAT_LIST,01Mar2026,G83680,ELTHAM MEDICAL PRACTICE,SE9 5DQ,U39263,ELTHAM PCN,E38000244,72Q,NHS South East London ICB - 72Q,E54000030,QKK,NHS South East London Integrated Care Board,E40000003,Y56,London,EMIS
GP_PRAC_PAT_LIST,01Mar2026,G84001,SOUTH VIEW PARTNERSHIP,BR1 3DR,U43112,BROMLEY CONNECT PCN,E38000244,72Q,NHS South East London ICB - 72Q,E54000030,QKK,NHS South East London Integrated Care Board,E40000003,Y56,London,EMIS
GP_PRAC_PAT_LIST,01Mar2026,G84002,DYSART SURGERY,BR1 1DS,U43112,BROMLEY CONNECT PCN,E38000244,72Q,NHS South East London ICB - 72Q,E54000030,QKK,NHS South East London Integrated Care Board,E40000003,Y56,London,EMIS
GP_PRAC_PAT_LIST,01Mar2026,G84003,LINKS MEDICAL PRACTICE,BR1 4PX,U03551,"MOTTINGHAM, DOWNHAM & CHISLEHURST PCN",E38000244,72Q,NHS South East London ICB - 72Q,E54000030,QKK,NHS South East London Integrated Care Board,E40000003,Y56,London,EMIS
GP_PRAC_PAT_LIST,01Mar2026,G84004,STOCK HILL SURGERY,TN16 3TJ,U77447,FIVE ELMS PCN,E38000244,72Q,NHS South East London ICB - 72Q,E54000030,QKK,NHS South East London Integrated Care Board,E40000003,Y56,London,EMIS
GP_PRAC_PAT_LIST,01Mar2026,G84005,DERRY DOWNS SURGERY,BR5 4DU,U50277,THE CRAYS COLLABORATIVE PCN,E38000244,72Q,NHS South East London ICB - 72Q,E54000030,QKK,NHS South East London Integrated Care Board,E40000003,Y56,London,EMIS
GP_PRAC_PAT_LIST,01Mar2026,G84006,SUMMERCROFT SURGERY,BR6 7AR,U77447,FIVE ELMS PCN,E38000244,72Q,NHS South East London ICB - 72Q,E54000030,QKK,NHS South East London Integrated Care Board,E40000003,Y56,London,EMIS
GP_PRAC_PAT_LIST,01Mar2026,G84007,POVEREST MEDICAL CENTRE,BR5 2DQ,U50277,THE CRAYS COLLABORATIVE PCN,E38000244,72Q,NHS South East London ICB - 72Q,E54000030,QKK,NHS South East London Integrated Care Board,E40000003,Y56,London,EMIS
GP_PRAC_PAT_LIST,01Mar2026,G84008,MANOR ROAD SURGERY,BR3 5LE,U36188,BECKENHAM PCN,E38000244,72Q,NHS South East London ICB - 72Q,E54000030,QKK,NHS South East London Integrated Care Board,E40000003,Y56,London,EMIS
GP_PRAC_PAT_LIST,01Mar2026,G84009,FAMILY SURGERY,BR6 6BG,U87524,ORPINGTON PCN,E38000244,72Q,NHS South East London ICB - 72Q,E54000030,QKK,NHS South East London Integrated Care Board,E40000003,Y56,London,EMIS
GP_PRAC_PAT_LIST,01Mar2026,G84010,THE CHISLEHURST PARTNERSHIP,BR7 5AQ,U03551,"MOTTINGHAM, DOWNHAM & CHISLEHURST PCN",E38000244,72Q,NHS South East London ICB - 72Q,E54000030,QKK,NHS South East London Integrated Care Board,E40000003,Y56,London,EMIS
GP_PRAC_PAT_LIST,01Mar2026,G84011,EDEN PARK SURGERY,BR3 4DQ,U36188,BECKENHAM PCN,E38000244,72Q,NHS South East London ICB - 72Q,E54000030,QKK,NHS South East London Integrated Care Board,E40000003,Y56,London,EMIS
GP_PRAC_PAT_LIST,01Mar2026,G84013,ST MARY CRAY PRACTICE,BR5 4AR,U50277,THE CRAYS COLLABORATIVE PCN,E38000244,72Q,NHS South East London ICB - 72Q,E54000030,QKK,NHS South East London Integrated Care Board,E40000003,Y56,London,EMIS
GP_PRAC_PAT_LIST,01Mar2026,G84015,STATION ROAD SURGERY,BR4 0PU,U98580,HAYES WICK PCN,E38000244,72Q,NHS South East London ICB - 72Q,E54000030,QKK,NHS South East London Integrated Care Board,E40000003,Y56,London,EMIS
GP_PRAC_PAT_LIST,01Mar2026,G84016,LONDON LANE CLINIC,BR1 4HB,U43112,BROMLEY CONNECT PCN,E38000244,72Q,NHS South East London ICB - 72Q,E54000030,QKK,NHS South East London Integrated Care Board,E40000003,Y56,London,EMIS
GP_PRAC_PAT_LIST,01Mar2026,G84017,ADDINGTON ROAD SURGERY,BR4 9BG,U98580,HAYES WICK PCN,E38000244,72Q,NHS South East London ICB - 72Q,E54000030,QKK,NHS South East London Integrated Care Board,E40000003,Y56,London,EMIS
GP_PRAC_PAT_LIST,01Mar2026,G84018,CORNERWAYS SURGERY,BR3 5LG,U36188,BECKENHAM PCN,E38000244,72Q,NHS South East London ICB - 72Q,E54000030,QKK,NHS South East London Integrated Care Board,E40000003,Y56,London,EMIS
GP_PRAC_PAT_LIST,01Mar2026,G84019,BROOMWOOD HEALTH CENTRE,BR5 2JP,U50277,THE CRAYS COLLABORATIVE PCN,E38000244,72Q,NHS South East London ICB - 72Q,E54000030,QKK,NHS South East London Integrated Care Board,E40000003,Y56,London,EMIS
GP_PRAC_PAT_LIST,01Mar2026,G84020,CHELSFIELD SURGERY,BR6 6HD,U87524,ORPINGTON PCN,E38000244,72Q,NHS South East London ICB - 72Q,E54000030,QKK,NHS South East London Integrated Care Board,E40000003,Y56,London,EMIS
GP_PRAC_PAT_LIST,01Mar2026,G84023,SOUTHBOROUGH LANE SURGERY,BR2 9GT,U77447,FIVE ELMS PCN,E38000244,72Q,NHS South East London ICB - 72Q,E54000030,QKK,NHS South East London Integrated Care Board,E40000003,Y56,London,EMIS
GP_PRAC_PAT_LIST,01Mar2026,G84024,BROMLEY COMMON PRACTICE,BR2 9GT,U77447,FIVE ELMS PCN,E38000244,72Q,NHS South East London ICB - 72Q,E54000030,QKK,NHS South East London Integrated Care Board,E40000003,Y56,London,EMIS
GP_PRAC_PAT_LIST,01Mar2026,G84025,THE PARK PRACTICE,SE20 8QA,U76778,PENGE PCN,E38000244,72Q,NHS South East London ICB - 72Q,E54000030,QKK,NHS South East London Integrated Care Board,E40000003,Y56,London,EMIS
GP_PRAC_PAT_LIST,01Mar2026,G84027,ELM HOUSE SURGERY,BR3 3FD,U36188,BECKENHAM PCN,E38000244,72Q,NHS South East London ICB - 72Q,E54000030,QKK,NHS South East London Integrated Care Board,E40000003,Y56,London,EMIS
GP_PRAC_PAT_LIST,01Mar2026,G84028,ST JAMES' PRACTICE,BR3 4DG,U36188,BECKENHAM PCN,E38000244,72Q,NHS South East London ICB - 72Q,E54000030,QKK,NHS South East London Integrated Care Board,E40000003,Y56,London,EMIS
GP_PRAC_PAT_LIST,01Mar2026,G84029,ROBIN HOOD SURGERY,SE20 7AB,U76778,PENGE PCN,E38000244,72Q,NHS South East London ICB - 72Q,E54000030,QKK,NHS South East London Integrated Care Board,E40000003,Y56,London,EMIS
GP_PRAC_PAT_LIST,01Mar2026,G84030,FORGE CLOSE SURGERY,BR2 7LL,U98580,HAYES WICK PCN,E38000244,72Q,NHS South East London ICB - 72Q,E54000030,QKK,NHS South East London Integrated Care Board,E40000003,Y56,London,EMIS
GP_PRAC_PAT_LIST,01Mar2026,G84032,KNOLL MEDICAL PRACTICE,BR6 0FE,U87524,ORPINGTON PCN,E38000244,72Q,NHS South East London ICB - 72Q,E54000030,QKK,NHS South East London Integrated Care Board,E40000003,Y56,London,EMIS
GP_PRAC_PAT_LIST,01Mar2026,G84033,PICKHURST SURGERY,BR2 7JF,U98580,HAYES WICK PCN,E38000244,72Q,NHS South East London ICB - 72Q,E54000030,QKK,NHS South East London Integrated Care Board,E40000003,Y56,London,EMIS
GP_PRAC_PAT_LIST,01Mar2026,G84035,TUDOR WAY SURGERY,BR5 1LH,U87524,ORPINGTON PCN,E38000244,72Q,NHS South East London ICB - 72Q,E54000030,QKK,NHS South East London Integrated Care Board,E40000003,Y56,London,EMIS
GP_PRAC_PAT_LIST,01Mar2026,G84039,NORHEADS LANE SURGERY,TN16 3XS,U77447,FIVE ELMS PCN,E38000244,72Q,NHS South East London ICB - 72Q,E54000030,QKK,NHS South East London Integrated Care Board,E40000003,Y56,London,EMIS
GP_PRAC_PAT_LIST,01Mar2026,G84040,BALLATER SURGERY,BR6 0DP,U87524,ORPINGTON PCN,E38000244,72Q,NHS South East London ICB - 72Q,E54000030,QKK,NHS South East London Integrated Care Board,E40000003,Y56,London,EMIS
GP_PRAC_PAT_LIST,01Mar2026,G84041,GILLMANS ROAD SURGERY,BR5 4LA,U50277,THE CRAYS COLLABORATIVE PCN,E38000244,72Q,NHS South East London ICB - 72Q,E54000030,QKK,NHS South East London Integrated Care Board,E40000003,Y56,London,EMIS
GP_PRAC_PAT_LIST,01Mar2026,G84604,HIGHLAND ROAD SURGERY,BR1 4AD,U76778,PENGE PCN,E38000244,72Q,NHS South East London ICB - 72Q,E54000030,QKK,NHS South East London Integrated Care Board,E40000003,Y56,London,EMIS
GP_PRAC_PAT_LIST,01Mar2026,G84607,WICKHAM PARK SURGERY,BR4 9PS,U98580,HAYES WICK PCN,E38000244,72Q,NHS South East London ICB - 72Q,E54000030,QKK,NHS South East London Integrated Care Board,E40000003,Y56,London,EMIS
GP_PRAC_PAT_LIST,01Mar2026,G84609,BANK HOUSE SURGERY,BR6 7BA,U87524,ORPINGTON PCN,E38000244,72Q,NHS South East London ICB - 72Q,E54000030,QKK,NHS South East London Integrated Care Board,E40000003,Y56,London,EMIS
GP_PRAC_PAT_LIST,01Mar2026,G84621,WHITEHOUSE SURGERY,BR5 1EL,U87524,ORPINGTON PCN,E38000244,72Q,NHS South East London ICB - 72Q,E54000030,QKK,NHS South East London Integrated Care Board,E40000003,Y56,London,EMIS
GP_PRAC_PAT_LIST,01Mar2026,G84624,ANERLEY SURGERY,SE20 8TJ,U76778,PENGE PCN,E38000244,72Q,NHS South East London ICB - 72Q,E54000030,QKK,NHS South East London Integrated Care Board,E40000003,Y56,London,EMIS
GP_PRAC_PAT_LIST,01Mar2026,G84625,OAKFIELD SURGERY,SE20 8QA,U76778,PENGE PCN,E38000244,72Q,NHS South East London ICB - 72Q,E54000030,QKK,NHS South East London Integrated Care Board,E40000003,Y56,London,EMIS
GP_PRAC_PAT_LIST,01Mar2026,G84627,GREEN STREET GREEN MED CT,BR6 6BG,U87524,ORPINGTON PCN,E38000244,72Q,NHS South East London ICB - 72Q,E54000030,QKK,NHS South East London Integrated Care Board,E40000003,Y56,London,EMIS
GP_PRAC_PAT_LIST,01Mar2026,G84629,SUNDRIDGE MEDICAL CENTRE,BR1 4HE,U76778,PENGE PCN,E38000244,72Q,NHS South East London ICB - 72Q,E54000030,QKK,NHS South East London Integrated Care Board,E40000003,Y56,London,EMIS
GP_PRAC_PAT_LIST,01Mar2026,G84630,CRESCENT SURGERY,BR5 2DD,U50277,THE CRAYS COLLABORATIVE PCN,E38000244,72Q,NHS South East London ICB - 72Q,E54000030,QKK,NHS South East London Integrated Care Board,E40000003,Y56,London,EMIS
GP_PRAC_PAT_LIST,01Mar2026,G85001,FOREST HILL GROUP PRACTICE,SE22 0SQ,U60094,SOUTH SOUTHWARK PCN,E38000244,72Q,NHS South East London ICB - 72Q,E54000030,QKK,NHS South East London Integrated Care Board,E40000003,Y56,London,EMIS
GP_PRAC_PAT_LIST,01Mar2026,G85002,STREATHAM HIGH PRACTICE,SW16 2ST,U18315,AT MEDICS STREATHAM PCN,E38000244,72Q,NHS South East London ICB - 72Q,E54000030,QKK,NHS South East London Integrated Care Board,E40000003,Y56,London,EMIS
GP_PRAC_PAT_LIST,01Mar2026,G85004,MODALITY LEWISHAM (ML),SE23 1HU,U22506,MODALITY LEWISHAM PCN,E38000244,72Q,NHS South East London ICB - 72Q,E54000030,QKK,NHS South East London Integrated Care Board,E40000003,Y56,London,EMIS
GP_PRAC_PAT_LIST,01Mar2026,G85006,THE ACORN & GAUMONT HOUSE SURGERY,SE15 5SL,U60094,SOUTH SOUTHWARK PCN,E38000244,72Q,NHS South East London ICB - 72Q,E54000030,QKK,NHS South East London Integrated Care Board,E40000003,Y56,London,EMIS
GP_PRAC_PAT_LIST,01Mar2026,G85011,CLAPHAM FAMILY PRACTICE,SW4 7DB,U45098,CLAPHAM PCN,E38000244,72Q,NHS South East London ICB - 72Q,E54000030,QKK,NHS South East London Integrated Care Board,E40000003,Y56,London,EMIS
GP_PRAC_PAT_LIST,01Mar2026,G85013,CAMBERWELL GREEN SURGERY,SE5 7AF,U60094,SOUTH SOUTHWARK PCN,E38000244,72Q,NHS South East London ICB - 72Q,E54000030,QKK,NHS South East London Integrated Care Board,E40000003,Y56,London,EMIS
GP_PRAC_PAT_LIST,01Mar2026,G85014,STREATHAM COMMON PRACTICE,SW16 3NP,U99355,STREATHAM PCN,E38000244,72Q,NHS South East London ICB - 72Q,E54000030,QKK,NHS South East London Integrated Care Board,E40000003,Y56,London,EMIS
GP_PRAC_PAT_LIST,01Mar2026,G85015,THE QRP SURGERY,SE14 5HD,U53896,NORTH LEWISHAM PCN,E38000244,72Q,NHS South East London ICB - 72Q,E54000030,QKK,NHS South East London Integrated Care Board,E40000003,Y56,London,EMIS
GP_PRAC_PAT_LIST,01Mar2026,G85016,HERNE HILL GROUP PRACTICE,SE24 9QP,U39721,"HILLS, BROOKS & DALES GROUP PCN",E38000244,72Q,NHS South East London ICB - 72Q,E54000030,QKK,NHS South East London Integrated Care Board,E40000003,Y56,London,EMIS
GP_PRAC_PAT_LIST,01Mar2026,G85019,TRAFALGAR SURGERY,SE15 6NR,U06180,NORTH SOUTHWARK PCN,E38000244,72Q,NHS South East London ICB - 72Q,E54000030,QKK,NHS South East London Integrated Care Board,E40000003,Y56,London,EMIS
GP_PRAC_PAT_LIST,01Mar2026,G85020,KINGFISHER MEDICAL CENTRE,SE8 5DA,U53896,NORTH LEWISHAM PCN,E38000244,72Q,NHS South East London ICB - 72Q,E54000030,QKK,NHS South East London Integrated Care Board,E40000003,Y56,London,EMIS
GP_PRAC_PAT_LIST,01Mar2026,G85021,PRENTIS MEDICAL CENTRE,SW16 1XU,U39721,"HILLS, BROOKS & DALES GROUP PCN",E38000244,72Q,NHS South East London ICB - 72Q,E54000030,QKK,NHS South East London Integrated Care Board,E40000003,Y56,London,EMIS
GP_PRAC_PAT_LIST,01Mar2026,G85022,NORTH WOOD GROUP PRACTICE,SE19 3NY,U39721,"HILLS, BROOKS & DALES GROUP PCN",E38000244,72Q,NHS South East London ICB - 72Q,E54000030,QKK,NHS South East London Integrated Care Board,E40000003,Y56,London,EMIS
GP_PRAC_PAT_LIST,01Mar2026,G85023,LEWISHAM MEDICAL CENTRE,SE13 5PJ,U21222,LEWISHAM ALLIANCE PCN,E38000244,72Q,NHS South East London ICB - 72Q,E54000030,QKK,NHS South East London Integrated Care Board,E40000003,Y56,London,EMIS
GP_PRAC_PAT_LIST,01Mar2026,G85024,SYDENHAM GREEN GROUP PRACTICE,SE26 4TH,U23546,APLOS HEALTH PCN,E38000244,72Q,NHS South East London ICB - 72Q,E54000030,QKK,NHS South East London Integrated Care Board,E40000003,Y56,London,EMIS
GP_PRAC_PAT_LIST,01Mar2026,G85025,BRIXTON HILL GROUP PRACTICE,SW2 1AE,U39721,"HILLS, BROOKS & DALES GROUP PCN",E38000244,72Q,NHS South East London ICB - 72Q,E54000030,QKK,NHS South East London Integrated Care Board,E40000003,Y56,London,EMIS
GP_PRAC_PAT_LIST,01Mar2026,G85026,CLIFTON RISE FAMILY PRACTICE,SE8 4BG,U53896,NORTH LEWISHAM PCN,E38000244,72Q,NHS South East London ICB - 72Q,E54000030,QKK,NHS South East London Integrated Care Board,E40000003,Y56,London,EMIS
GP_PRAC_PAT_LIST,01Mar2026,G85028,STOCKWELL GROUP PRACTICE,SW9 9TJ,U65434,STOCKWELLBEING PCN,E38000244,72Q,NHS South East London ICB - 72Q,E54000030,QKK,NHS South East London Integrated Care Board,E40000003,Y56,London,EMIS
GP_PRAC_PAT_LIST,01Mar2026,G85029,FALMOUTH ROAD GROUP PRACTICE,SE1 4JW,U06180,NORTH SOUTHWARK PCN,E38000244,72Q,NHS South East London ICB - 72Q,E54000030,QKK,NHS South East London Integrated Care Board,E40000003,Y56,London,EMIS
GP_PRAC_PAT_LIST,01Mar2026,G85030,PARKSIDE MEDICAL CENTRE,SE5 7AQ,U60094,SOUTH SOUTHWARK PCN,E38000244,72Q,NHS South East London ICB - 72Q,E54000030,QKK,NHS South East London Integrated Care Board,E40000003,Y56,London,EMIS
GP_PRAC_PAT_LIST,01Mar2026,G85031,DMC CHADWICK ROAD,SE15 4PU,U60094,SOUTH SOUTHWARK PCN,E38000244,72Q,NHS South East London ICB - 72Q,E54000030,QKK,NHS South East London Integrated Care Board,E40000003,Y56,London,EMIS
GP_PRAC_PAT_LIST,01Mar2026,G85032,TORRIDON ROAD MEDICAL PRACTICE,SE6 1RB,U58020,SEVENFIELDS PCN,E38000244,72Q,NHS South East London ICB - 72Q,E54000030,QKK,NHS South East London Integrated Care Board,E40000003,Y56,London,EMIS
GP_PRAC_PAT_LIST,01Mar2026,G85034,NEXUS HEALTH GROUP,SE1 6JP,U06180,NORTH SOUTHWARK PCN,E38000244,72Q,NHS South East London ICB - 72Q,E54000030,QKK,NHS South East London Integrated Care Board,E40000003,Y56,London,EMIS
GP_PRAC_PAT_LIST,01Mar2026,G85038,THE LEWISHAM CARE PARTNERSHIP,SE13 7SX,U11059,LEWISHAM CARE PARTNERSHIP PCN,E38000244,72Q,NHS South East London ICB - 72Q,E54000030,QKK,NHS South East London Integrated Care Board,E40000003,Y56,London,EMIS
GP_PRAC_PAT_LIST,01Mar2026,G85039,PAXTON GREEN GROUP PRACTICE,SE21 8AU,U60524,CROXTED PCN,E38000244,72Q,NHS South East London ICB - 72Q,E54000030,QKK,NHS South East London Integrated Care Board,E40000003,Y56,London,EMIS
GP_PRAC_PAT_LIST,01Mar2026,G85040,QUEENS ROAD SURGERY,SE15 2UA,U60094,SOUTH SOUTHWARK PCN,E38000244,72Q,NHS South East London ICB - 72Q,E54000030,QKK,NHS South East London Integrated Care Board,E40000003,Y56,London,EMIS
GP_PRAC_PAT_LIST,01Mar2026,G85041,PALACE ROAD SURGERY,SW2 3DY,U99355,STREATHAM PCN,E38000244,72Q,NHS South East London ICB - 72Q,E54000030,QKK,NHS South East London Integrated Care Board,E40000003,Y56,London,EMIS
GP_PRAC_PAT_LIST,01Mar2026,G85042,ST GILES SURGERY,SE5 7RF,U60094,SOUTH SOUTHWARK PCN,E38000244,72Q,NHS South East London ICB - 72Q,E54000030,QKK,NHS South East London Integrated Care Board,E40000003,Y56,London,EMIS
GP_PRAC_PAT_LIST,01Mar2026,G85044,VALLEY ROAD SURGERY,SW16 2XT,U99355,STREATHAM PCN,E38000244,72Q,NHS South East London ICB - 72Q,E54000030,QKK,NHS South East London Integrated Care Board,E40000003,Y56,London,EMIS
GP_PRAC_PAT_LIST,01Mar2026,G85045,HETHERINGTON GROUP PRACTICE,SW4 7NU,U36779,BRIXTON AND CLAPHAM PARK PCN,E38000244,72Q,NHS South East London ICB - 72Q,E54000030,QKK,NHS South East London Integrated Care Board,E40000003,Y56,London,EMIS
GP_PRAC_PAT_LIST,01Mar2026,G85046,LEE ROAD SURGERY,SE3 9RT,U21222,LEWISHAM ALLIANCE PCN,E38000244,72Q,NHS South East London ICB - 72Q,E54000030,QKK,NHS South East London Integrated Care Board,E40000003,Y56,London,EMIS
GP_PRAC_PAT_LIST,01Mar2026,G85047,KNIGHTS HILL SURGERY SUITE 1,SE27 0DF,U39721,"HILLS, BROOKS & DALES GROUP PCN",E38000244,72Q,NHS South East London ICB - 72Q,E54000030,QKK,NHS South East London Integrated Care Board,E40000003,Y56,London,EMIS
GP_PRAC_PAT_LIST,01Mar2026,G85051,ELM LODGE SURGERY,SE24 9HJ,U60094,SOUTH SOUTHWARK PCN,E38000244,72Q,NHS South East London ICB - 72Q,E54000030,QKK,NHS South East London Integrated Care Board,E40000003,Y56,London,EMIS
GP_PRAC_PAT_LIST,01Mar2026,G85052,OLD KENT ROAD SURGERY,SE1 5TY,U06180,NORTH SOUTHWARK PCN,E38000244,72Q,NHS South East London ICB - 72Q,E54000030,QKK,NHS South East London Integrated Care Board,E40000003,Y56,London,EMIS
GP_PRAC_PAT_LIST,01Mar2026,G85053,HURLEY AND RIVERSIDE PRACTICES,SE11 4HJ,U38045,NORTH LAMBETH PCN,E38000244,72Q,NHS South East London ICB - 72Q,E54000030,QKK,NHS South East London Integrated Care Board,E40000003,Y56,London,EMIS
GP_PRAC_PAT_LIST,01Mar2026,G85054,LAMBETH WALK GROUP PRACTICE,SW9 6AF,U38045,NORTH LAMBETH PCN,E38000244,72Q,NHS South East London ICB - 72Q,E54000030,QKK,NHS South East London Integrated Care Board,E40000003,Y56,London,EMIS
GP_PRAC_PAT_LIST,01Mar2026,G85057,ASHDOWN MEDICAL GROUP,BR1 5EP,U58020,SEVENFIELDS PCN,E38000244,72Q,NHS South East London ICB - 72Q,E54000030,QKK,NHS South East London Integrated Care Board,E40000003,Y56,London,EMIS
GP_PRAC_PAT_LIST,01Mar2026,G85061,WOOLSTONE MEDICAL CENTRE,SE23 2SG,U23546,APLOS HEALTH PCN,E38000244,72Q,NHS South East London ICB - 72Q,E54000030,QKK,NHS South East London Integrated Care Board,E40000003,Y56,London,EMIS
GP_PRAC_PAT_LIST,01Mar2026,G85073,VASSALL MEDICAL CENTRE,SW9 6NA,U41041,FIVEWAYS PCN,E38000244,72Q,NHS South East London ICB - 72Q,E54000030,QKK,NHS South East London Integrated Care Board,E40000003,Y56,London,EMIS
GP_PRAC_PAT_LIST,01Mar2026,G85076,NEW CROSS CENTRE (HURLEY GROUP),SE14 6LD,U53896,NORTH LEWISHAM PCN,E38000244,72Q,NHS South East London ICB - 72Q,E54000030,QKK,NHS South East London Integrated Care Board,E40000003,Y56,London,EMIS
GP_PRAC_PAT_LIST,01Mar2026,G85083,SANDMERE PRACTICE,SW4 7QJ,U45098,CLAPHAM PCN,E38000244,72Q,NHS South East London ICB - 72Q,E54000030,QKK,NHS South East London Integrated Care Board,E40000003,Y56,London,EMIS
GP_PRAC_PAT_LIST,01Mar2026,G85084,PENROSE SURGERY,SE17 3DW,U06180,NORTH SOUTHWARK PCN,E38000244,72Q,NHS South East London ICB - 72Q,E54000030,QKK,NHS South East London Integrated Care Board,E40000003,Y56,London,EMIS
GP_PRAC_PAT_LIST,01Mar2026,G85085,GROVE MEDICAL CENTRE,SE8 3QH,U53896,NORTH LEWISHAM PCN,E38000244,72Q,NHS South East London ICB - 72Q,E54000030,QKK,NHS South East London Integrated Care Board,E40000003,Y56,London,EMIS
GP_PRAC_PAT_LIST,01Mar2026,G85086,THE SOUTH LAMBETH RD PRACTICE,SW8 1UL,U38045,NORTH LAMBETH PCN,E38000244,72Q,NHS South East London ICB - 72Q,E54000030,QKK,NHS South East London Integrated Care Board,E40000003,Y56,London,EMIS
GP_PRAC_PAT_LIST,01Mar2026,G85087,SILVERLOCK MEDICAL CENTRE,SE16 3HA,U06180,NORTH SOUTHWARK PCN,E38000244,72Q,NHS South East London ICB - 72Q,E54000030,QKK,NHS South East London Integrated Care Board,E40000003,Y56,London,EMIS
GP_PRAC_PAT_LIST,01Mar2026,G85091,THE THREE ZERO SIX MEDICAL CENTRE,SE22 8LY,U60094,SOUTH SOUTHWARK PCN,E38000244,72Q,NHS South East London ICB - 72Q,E54000030,QKK,NHS South East London Integrated Care Board,E40000003,Y56,London,EMIS
GP_PRAC_PAT_LIST,01Mar2026,G85096,THE VALE SURGERY,SW16 5SE,U99355,STREATHAM PCN,E38000244,72Q,NHS South East London ICB - 72Q,E54000030,QKK,NHS South East London Integrated Care Board,E40000003,Y56,London,EMIS
GP_PRAC_PAT_LIST,01Mar2026,G85100,BECKETT HOUSE PRACTICE,SW9 9DL,U65434,STOCKWELLBEING PCN,E38000244,72Q,NHS South East London ICB - 72Q,E54000030,QKK,NHS South East London Integrated Care Board,E40000003,Y56,London,EMIS
GP_PRAC_PAT_LIST,01Mar2026,G85102,GRAY'S INN MEDICAL GROUP VAUXHALL,SE11 5NH,U38045,NORTH LAMBETH PCN,E38000244,72Q,NHS South East London ICB - 72Q,E54000030,QKK,NHS South East London Integrated Care Board,E40000003,Y56,London,EMIS
GP_PRAC_PAT_LIST,01Mar2026,G85104,ICO HEALTH GROUP,BR1 5EP,U42936,RAVENSBOURNE PCN LTD,E38000244,72Q,NHS South East London ICB - 72Q,E54000030,QKK,NHS South East London Integrated Care Board,E40000003,Y56,London,EMIS
GP_PRAC_PAT_LIST,01Mar2026,G85105,VESTA ROAD SURGERY,SE4 2NH,U53896,NORTH LEWISHAM PCN,E38000244,72Q,NHS South East London ICB - 72Q,E54000030,QKK,NHS South East London Integrated Care Board,E40000003,Y56,London,EMIS
GP_PRAC_PAT_LIST,01Mar2026,G85109,CLAPHAM PARK GROUP PRACTICE,SW4 8JP,U36779,BRIXTON AND CLAPHAM PARK PCN,E38000244,72Q,NHS South East London ICB - 72Q,E54000030,QKK,NHS South East London Integrated Care Board,E40000003,Y56,London,EMIS
GP_PRAC_PAT_LIST,01Mar2026,G85114,WELLS PARK PRACTICE,SE26 6JQ,U23546,APLOS HEALTH PCN,E38000244,72Q,NHS South East London ICB - 72Q,E54000030,QKK,NHS South East London Integrated Care Board,E40000003,Y56,London,EMIS
GP_PRAC_PAT_LIST,01Mar2026,G85119,STERNHALL LANE SURGERY,SE15 4NT,U60094,SOUTH SOUTHWARK PCN,E38000244,72Q,NHS South East London ICB - 72Q,E54000030,QKK,NHS South East London Integrated Care Board,E40000003,Y56,London,EMIS
GP_PRAC_PAT_LIST,01Mar2026,G85120,TRIANGLE GROUP PRACTICE,SE13 6DQ,U21222,LEWISHAM ALLIANCE PCN,E38000244,72Q,NHS South East London ICB - 72Q,E54000030,QKK,NHS South East London Integrated Care Board,E40000003,Y56,London,EMIS
GP_PRAC_PAT_LIST,01Mar2026,G85121,PARKVIEW SURGERY,SE6 1AT,U58020,SEVENFIELDS PCN,E38000244,72Q,NHS South East London ICB - 72Q,E54000030,QKK,NHS South East London Integrated Care Board,E40000003,Y56,London,EMIS
GP_PRAC_PAT_LIST,01Mar2026,G85123,BINFIELD ROAD SURGERY,SW4 6TB,U65434,STOCKWELLBEING PCN,E38000244,72Q,NHS South East London ICB - 72Q,E54000030,QKK,NHS South East London Integrated Care Board,E40000003,Y56,London,EMIS
GP_PRAC_PAT_LIST,01Mar2026,G85125,PARK MEDICAL CENTRE,SE16 2PE,U06180,NORTH SOUTHWARK PCN,E38000244,72Q,NHS South East London ICB - 72Q,E54000030,QKK,NHS South East London Integrated Care Board,E40000003,Y56,London,EMIS
GP_PRAC_PAT_LIST,01Mar2026,G85127,THE CORNER SURGERY,SE5 9NS,U41041,FIVEWAYS PCN,E38000244,72Q,NHS South East London ICB - 72Q,E54000030,QKK,NHS South East London Integrated Care Board,E40000003,Y56,London,EMIS
GP_PRAC_PAT_LIST,01Mar2026,G85129,THE DEERBROOK SURGERY,SE27 9AW,U41041,FIVEWAYS PCN,E38000244,72Q,NHS South East London ICB - 72Q,E54000030,QKK,NHS South East London Integrated Care Board,E40000003,Y56,London,EMIS
GP_PRAC_PAT_LIST,01Mar2026,G85130,MAWBEY GROUP PRACTICE,SW8 2UD,U38045,NORTH LAMBETH PCN,E38000244,72Q,NHS South East London ICB - 72Q,E54000030,QKK,NHS South East London Integrated Care Board,E40000003,Y56,London,EMIS
GP_PRAC_PAT_LIST,01Mar2026,G85132,TESSA JOWELL GP SURGERY,SE22 8EY,U60094,SOUTH SOUTHWARK PCN,E38000244,72Q,NHS South East London ICB - 72Q,E54000030,QKK,NHS South East London Integrated Care Board,E40000003,Y56,London,EMIS
GP_PRAC_PAT_LIST,01Mar2026,G85134,THE LISTER PRIMARY CARE CENTRE,SE15 5LJ,U60094,SOUTH SOUTHWARK PCN,E38000244,72Q,NHS South East London ICB - 72Q,E54000030,QKK,NHS South East London Integrated Care Board,E40000003,Y56,London,EMIS
GP_PRAC_PAT_LIST,01Mar2026,G85135,MINET GREEN HEALTH PRACTICE,SW9 6AF,U41041,FIVEWAYS PCN,E38000244,72Q,NHS South East London ICB - 72Q,E54000030,QKK,NHS South East London Integrated Care Board,E40000003,Y56,London,EMIS
GP_PRAC_PAT_LIST,01Mar2026,G85136,WATERLOO HEALTH CENTRE,SE1 7AE,U38045,NORTH LAMBETH PCN,E38000244,72Q,NHS South East London ICB - 72Q,E54000030,QKK,NHS South East London Integrated Care Board,E40000003,Y56,London,EMIS
GP_PRAC_PAT_LIST,01Mar2026,G85137,BROCKWELL PARK SURGERY,SE24 9AE,U60524,CROXTED PCN,E38000244,72Q,NHS South East London ICB - 72Q,E54000030,QKK,NHS South East London Integrated Care Board,E40000003,Y56,London,EMIS
GP_PRAC_PAT_LIST,01Mar2026,G85138,ALBION STREET GROUP PRACTICE,SE16 7JX,U06180,NORTH SOUTHWARK PCN,E38000244,72Q,NHS South East London ICB - 72Q,E54000030,QKK,NHS South East London Integrated Care Board,E40000003,Y56,London,EMIS
GP_PRAC_PAT_LIST,01Mar2026,G85623,BERMONDSEY SPA MEDICAL CENTRE,SE16 4BL,U06180,NORTH SOUTHWARK PCN,E38000244,72Q,NHS South East London ICB - 72Q,E54000030,QKK,NHS South East London Integrated Care Board,E40000003,Y56,London,EMIS
GP_PRAC_PAT_LIST,01Mar2026,G85632,THE VILLA STREET MEDICAL CENTRE,SE17 2EL,U06180,NORTH SOUTHWARK PCN,E38000244,72Q,NHS South East London ICB - 72Q,E54000030,QKK,NHS South East London Integrated Care Board,E40000003,Y56,London,EMIS
GP_PRAC_PAT_LIST,01Mar2026,G85633,NOVUM HEALTH PARTNERSHIP,SE6 4JH,U42936,RAVENSBOURNE PCN LTD,E38000244,72Q,NHS South East London ICB - 72Q,E54000030,QKK,NHS South East London Integrated Care Board,E40000003,Y56,London,EMIS
GP_PRAC_PAT_LIST,01Mar2026,G85642,BLACKFRIARS MEDICAL PRACTICE,SE1 8EE,U06180,NORTH SOUTHWARK PCN,E38000244,72Q,NHS South East London ICB - 72Q,E54000030,QKK,NHS South East London Integrated Care Board,E40000003,Y56,London,EMIS
GP_PRAC_PAT_LIST,01Mar2026,G85644,THE GARDENS SURGERY,SE22 9QU,U60094,SOUTH SOUTHWARK PCN,E38000244,72Q,NHS South East London ICB - 72Q,E54000030,QKK,NHS South East London Integrated Care Board,E40000003,Y56,London,EMIS
GP_PRAC_PAT_LIST,01Mar2026,G85647,THE EXCHANGE SURGERY,SW16 2ST,U99355,STREATHAM PCN,E38000244,72Q,NHS South East London ICB - 72Q,E54000030,QKK,NHS South East London Integrated Care Board,E40000003,Y56,London,EMIS
GP_PRAC_PAT_LIST,01Mar2026,G85651,THE DULWICH MEDICAL CENTRE,SE22 9EP,U60094,SOUTH SOUTHWARK PCN,E38000244,72Q,NHS South East London ICB - 72Q,E54000030,QKK,NHS South East London Integrated Care Board,E40000003,Y56,London,EMIS
GP_PRAC_PAT_LIST,01Mar2026,G85662,THE STREATHAM HILL GROUP PRACTICE,SW16 2PG,U99355,STREATHAM PCN,E38000244,72Q,NHS South East London ICB - 72Q,E54000030,QKK,NHS South East London Integrated Care Board,E40000003,Y56,London,EMIS
GP_PRAC_PAT_LIST,01Mar2026,G85673,SPRINGFIELD MEDICAL CENTRE,SW8 2SH,U65434,STOCKWELLBEING PCN,E38000244,72Q,NHS South East London ICB - 72Q,E54000030,QKK,NHS South East London Integrated Care Board,E40000003,Y56,London,EMIS
GP_PRAC_PAT_LIST,01Mar2026,G85674,GRAFTON SQUARE SURGERY,SW4 0DE,U45098,CLAPHAM PCN,E38000244,72Q,NHS South East London ICB - 72Q,E54000030,QKK,NHS South East London Integrated Care Board,E40000003,Y56,London,EMIS
GP_PRAC_PAT_LIST,01Mar2026,G85681,THE LORDSHIP LANE SURGERY,SE22 8JN,U60094,SOUTH SOUTHWARK PCN,E38000244,72Q,NHS South East London ICB - 72Q,E54000030,QKK,NHS South East London Integrated Care Board,E40000003,Y56,London,EMIS
GP_PRAC_PAT_LIST,01Mar2026,G85685,THE NUNHEAD SURGERY,SE15 3LY,U60094,SOUTH SOUTHWARK PCN,E38000244,72Q,NHS South East London ICB - 72Q,E54000030,QKK,NHS South East London Integrated Care Board,E40000003,Y56,London,EMIS
GP_PRAC_PAT_LIST,01Mar2026,G85690,HERNE HILL ROAD MEDICAL PRACTICE,SE24 0AU,U41041,FIVEWAYS PCN,E38000244,72Q,NHS South East London ICB - 72Q,E54000030,QKK,NHS South East London Integrated Care Board,E40000003,Y56,London,EMIS
GP_PRAC_PAT_LIST,01Mar2026,G85695,AKERMAN MEDICAL PRACTICE,SW9 6AF,U39721,"HILLS, BROOKS & DALES GROUP PCN",E38000244,72Q,NHS South East London ICB - 72Q,E54000030,QKK,NHS South East London Integrated Care Board,E40000003,Y56,London,EMIS
GP_PRAC_PAT_LIST,01Mar2026,G85696,VALE MEDICAL CENTRE,SE23 2JF,U23546,APLOS HEALTH PCN,E38000244,72Q,NHS South East London ICB - 72Q,E54000030,QKK,NHS South East London Integrated Care Board,E40000003,Y56,London,EMIS
GP_PRAC_PAT_LIST,01Mar2026,G85698,AMERSHAM VALE TRAINING PRACTICE,SE14 6LD,U53896,NORTH LEWISHAM PCN,E38000244,72Q,NHS South East London ICB - 72Q,E54000030,QKK,NHS South East London Integrated Care Board,E40000003,Y56,London,EMIS
GP_PRAC_PAT_LIST,01Mar2026,G85705,THE NEW MILL STREET SURGERY,SE1 2BP,U06180,NORTH SOUTHWARK PCN,E38000244,72Q,NHS South East London ICB - 72Q,E54000030,QKK,NHS South East London Integrated Care Board,E40000003,Y56,London,EMIS
GP_PRAC_PAT_LIST,01Mar2026,G85706,THE OLD DAIRY HEALTH CENTRE,SE21 8SZ,U60524,CROXTED PCN,E38000244,72Q,NHS South East London ICB - 72Q,E54000030,QKK,NHS South East London Integrated Care Board,E40000003,Y56,London,EMIS
GP_PRAC_PAT_LIST,01Mar2026,G85708,DR CURRAN & PARTNERS,SW4 6EB,U45098,CLAPHAM PCN,E38000244,72Q,NHS South East London ICB - 72Q,E54000030,QKK,NHS South East London Integrated Care Board,E40000003,Y56,London,EMIS
GP_PRAC_PAT_LIST,01Mar2026,G85711,DEPTFORD SURGERY,SE14 6TJ,U53896,NORTH LEWISHAM PCN,E38000244,72Q,NHS South East London ICB - 72Q,E54000030,QKK,NHS South East London Integrated Care Board,E40000003,Y56,London,EMIS
GP_PRAC_PAT_LIST,01Mar2026,G85715,THE LISTER PRACTICE,SE15 5LJ,U60094,SOUTH SOUTHWARK PCN,E38000244,72Q,NHS South East London ICB - 72Q,E54000030,QKK,NHS South East London Integrated Care Board,E40000003,Y56,London,EMIS
GP_PRAC_PAT_LIST,01Mar2026,G85716,OAKVIEW FAMILY PRACTICE,BR1 5NJ,U58020,SEVENFIELDS PCN,E38000244,72Q,NHS South East London ICB - 72Q,E54000030,QKK,NHS South East London Integrated Care Board,E40000003,Y56,London,EMIS
GP_PRAC_PAT_LIST,01Mar2026,G85721,EAST STREET,SE17 2GN,U06180,NORTH SOUTHWARK PCN,E38000244,72Q,NHS South East London ICB - 72Q,E54000030,QKK,NHS South East London Integrated Care Board,E40000003,Y56,London,EMIS
GP_PRAC_PAT_LIST,01Mar2026,G85722,WOODLANDS HEALTH CENTRE,SE13 6RN,U21222,LEWISHAM ALLIANCE PCN,E38000244,72Q,NHS South East London ICB - 72Q,E54000030,QKK,NHS South East London Integrated Care Board,E40000003,Y56,London,EMIS
GP_PRAC_PAT_LIST,01Mar2026,G85724,EDITH CAVELL PRACTICE,SW2 4TP,U18315,AT MEDICS STREATHAM PCN,E38000244,72Q,NHS South East London ICB - 72Q,E54000030,QKK,NHS South East London Integrated Care Board,E40000003,Y56,London,EMIS
GP_PRAC_PAT_LIST,01Mar2026,G85726,BRUNSWICK PARK FAMILY PRACTICE,SE5 7RF,U60094,SOUTH SOUTHWARK PCN,E38000244,72Q,NHS South East London ICB - 72Q,E54000030,QKK,NHS South East London Integrated Care Board,E40000003,Y56,London,EMIS
GP_PRAC_PAT_LIST,01Mar2026,G85727,NIGHTINGALE SURGERY,SE12 8NP,U21222,LEWISHAM ALLIANCE PCN,E38000244,72Q,NHS South East London ICB - 72Q,E54000030,QKK,NHS South East London Integrated Care Board,E40000003,Y56,London,EMIS
GP_PRAC_PAT_LIST,01Mar2026,G85736,DEPTFORD MEDICAL CENTRE,SE14 6TG,U53896,NORTH LEWISHAM PCN,E38000244,72Q,NHS South East London ICB - 72Q,E54000030,QKK,NHS South East London Integrated Care Board,E40000003,Y56,London,EMIS
GP_PRAC_PAT_LIST,01Mar2026,H83001,PORTLAND MEDICAL CENTRE,SE25 4QB,U44012,KESTON MOORINGS & PARKSIDE PCN,E38000245,36L,NHS South West London ICB - 36L,E54000031,QWE,NHS South West London Integrated Care Board,E40000003,Y56,London,EMIS
GP_PRAC_PAT_LIST,01Mar2026,H83004,FARLEY ROAD MEDICAL PRACTICE,CR2 7NG,U52199,SELSDON ADDINGTON & SHIRLEY PCN,E38000245,36L,NHS South West London ICB - 36L,E54000031,QWE,NHS South West London Integrated Care Board,E40000003,Y56,London,EMIS
GP_PRAC_PAT_LIST,01Mar2026,H83005,UPPER NORWOOD GROUP PRACTICE,SE19 2NT,U33024,ONE THORNTON HEATH PCN,E38000245,36L,NHS South West London ICB - 36L,E54000031,QWE,NHS South West London Integrated Care Board,E40000003,Y56,London,EMIS
GP_PRAC_PAT_LIST,01Mar2026,H83006,NEW ADDINGTON GROUP PRACTICE,CR0 0JA,U30526,MAYDAY SOUTH PCN,E38000245,36L,NHS South West London ICB - 36L,E54000031,QWE,NHS South West London Integrated Care Board,E40000003,Y56,London,EMIS
GP_PRAC_PAT_LIST,01Mar2026,H83007,VIOLET LANE MEDICAL PRACTICE,CR0 4HN,U09071,GPNET5 PCN,E38000245,36L,NHS South West London ICB - 36L,E54000031,QWE,NHS South West London Integrated Care Board,E40000003,Y56,London,EMIS
GP_PRAC_PAT_LIST,01Mar2026,H83008,NORTHWAY ROAD SURGERY,CR0 6JJ,U74798,CROYDON GP SUPER NETWORK PCN,E38000245,36L,NHS South West London ICB - 36L,E54000031,QWE,NHS South West London Integrated Care Board,E40000003,Y56,London,EMIS
GP_PRAC_PAT_LIST,01Mar2026,H83009,NORBURY MEDICAL PRACTICE,SW16 4NL,U85744,PRIMARY CARE NORTH CROYDON PCN,E38000245,36L,NHS South West London ICB - 36L,E54000031,QWE,NHS South West London Integrated Care Board,E40000003,Y56,London,EMIS
GP_PRAC_PAT_LIST,01Mar2026,H83010,SOUTH NORWOOD HILL MEDICAL CENTRE,SE25 6BY,U33024,ONE THORNTON HEATH PCN,E38000245,36L,NHS South West London ICB - 36L,E54000031,QWE,NHS South West London Integrated Care Board,E40000003,Y56,London,EMIS
GP_PRAC_PAT_LIST,01Mar2026,H83011,NORTH CROYDON MEDICAL CENTRE,CR7 7HQ,U30526,MAYDAY SOUTH PCN,E38000245,36L,NHS South West London ICB - 36L,E54000031,QWE,NHS South West London Integrated Care Board,E40000003,Y56,London,EMIS
GP_PRAC_PAT_LIST,01Mar2026,H83012,ST JAMES MEDICAL CENTRE,CR0 2BZ,U92836,CROYDON LINK PCN,E38000245,36L,NHS South West London ICB - 36L,E54000031,QWE,NHS South West London Integrated Care Board,E40000003,Y56,London,EMIS
GP_PRAC_PAT_LIST,01Mar2026,H83013,OLD COULSDON MEDICAL PRACTICE,CR5 1HF,U38734,SELSDON PURLEY & COULSDON HEALTH PCN,E38000245,36L,NHS South West London ICB - 36L,E54000031,QWE,NHS South West London Integrated Care Board,E40000003,Y56,London,EMIS
GP_PRAC_PAT_LIST,01Mar2026,H83014,QUEENHILL MEDICAL PRACTICE,CR2 8DU,U52199,SELSDON ADDINGTON & SHIRLEY PCN,E38000245,36L,NHS South West London ICB - 36L,E54000031,QWE,NHS South West London Integrated Care Board,E40000003,Y56,London,EMIS
GP_PRAC_PAT_LIST,01Mar2026,H83015,PARKSIDE GROUP PRACTICE,CR2 6EX,U44012,KESTON MOORINGS & PARKSIDE PCN,E38000245,36L,NHS South West London ICB - 36L,E54000031,QWE,NHS South West London Integrated Care Board,E40000003,Y56,London,EMIS
GP_PRAC_PAT_LIST,01Mar2026,H83016,KESTON MEDICAL PRACTICE,CR8 2YL,U44012,KESTON MOORINGS & PARKSIDE PCN,E38000245,36L,NHS South West London ICB - 36L,E54000031,QWE,NHS South West London Integrated Care Board,E40000003,Y56,London,EMIS
GP_PRAC_PAT_LIST,01Mar2026,H83017,BRIGSTOCK MEDICAL PRACTICE,CR7 7JN,U74798,CROYDON GP SUPER NETWORK PCN,E38000245,36L,NHS South West London ICB - 36L,E54000031,QWE,NHS South West London Integrated Care Board,E40000003,Y56,London,EMIS
GP_PRAC_PAT_LIST,01Mar2026,H83018,SELSDON PARK MEDICAL PRACTICE,CR2 8LG,U38734,SELSDON PURLEY & COULSDON HEALTH PCN,E38000245,36L,NHS South West London ICB - 36L,E54000031,QWE,NHS South West London Integrated Care Board,E40000003,Y56,London,EMIS
GP_PRAC_PAT_LIST,01Mar2026,H83019,FRIENDS ROAD MEDICAL PRACTICE,CR0 1ED,U09071,GPNET5 PCN,E38000245,36L,NHS South West London ICB - 36L,E54000031,QWE,NHS South West London Integrated Care Board,E40000003,Y56,London,EMIS
GP_PRAC_PAT_LIST,01Mar2026,H83020,EVERSLEY MEDICAL CENTRE,CR7 6AR,U30526,MAYDAY SOUTH PCN,E38000245,36L,NHS South West London ICB - 36L,E54000031,QWE,NHS South West London Integrated Care Board,E40000003,Y56,London,EMIS
GP_PRAC_PAT_LIST,01Mar2026,H83021,LONDON ROAD MEDICAL PRACTICE,CR7 6AR,U30526,MAYDAY SOUTH PCN,E38000245,36L,NHS South West London ICB - 36L,E54000031,QWE,NHS South West London Integrated Care Board,E40000003,Y56,London,EMIS
GP_PRAC_PAT_LIST,01Mar2026,H83022,THORNTON HEATH MEDICAL CENTRE,CR7 8RL,U33024,ONE THORNTON HEATH PCN,E38000245,36L,NHS South West London ICB - 36L,E54000031,QWE,NHS South West London Integrated Care Board,E40000003,Y56,London,EMIS
GP_PRAC_PAT_LIST,01Mar2026,H83023,MORLAND ROAD SURGERY,CR0 6HA,U74798,CROYDON GP SUPER NETWORK PCN,E38000245,36L,NHS South West London ICB - 36L,E54000031,QWE,NHS South West London Integrated Care Board,E40000003,Y56,London,EMIS
GP_PRAC_PAT_LIST,01Mar2026,H83024,WOODCOTE MEDICAL,CR8 3EE,U38734,SELSDON PURLEY & COULSDON HEALTH PCN,E38000245,36L,NHS South West London ICB - 36L,E54000031,QWE,NHS South West London Integrated Care Board,E40000003,Y56,London,EMIS
GP_PRAC_PAT_LIST,01Mar2026,H83028,ADDINGTON MEDICAL PRACTICE,CR0 0JA,U52199,SELSDON ADDINGTON & SHIRLEY PCN,E38000245,36L,NHS South West London ICB - 36L,E54000031,QWE,NHS South West London Integrated Care Board,E40000003,Y56,London,EMIS
GP_PRAC_PAT_LIST,01Mar2026,H83029,HARTLAND WAY SURGERY,CR0 8RG,U74798,CROYDON GP SUPER NETWORK PCN,E38000245,36L,NHS South West London ICB - 36L,E54000031,QWE,NHS South West London Integrated Care Board,E40000003,Y56,London,EMIS
GP_PRAC_PAT_LIST,01Mar2026,H83030,BROOM ROAD MEDICAL PRACTICE,CR0 8NG,U52199,SELSDON ADDINGTON & SHIRLEY PCN,E38000245,36L,NHS South West London ICB - 36L,E54000031,QWE,NHS South West London Integrated Care Board,E40000003,Y56,London,EMIS
GP_PRAC_PAT_LIST,01Mar2026,H83031,HALING PARK MEDICAL PRACTICE,CR2 6AD,U09071,GPNET5 PCN,E38000245,36L,NHS South West London ICB - 36L,E54000031,QWE,NHS South West London Integrated Care Board,E40000003,Y56,London,EMIS
GP_PRAC_PAT_LIST,01Mar2026,H83033,ASHBURTON PARK MEDICAL CENTRE,CR0 7AG,U74798,CROYDON GP SUPER NETWORK PCN,E38000245,36L,NHS South West London ICB - 36L,E54000031,QWE,NHS South West London Integrated Care Board,E40000003,Y56,London,EMIS
GP_PRAC_PAT_LIST,01Mar2026,H83034,WHITEHORSE PRACTICE,CR0 2JJ,U74798,CROYDON GP SUPER NETWORK PCN,E38000245,36L,NHS South West London ICB - 36L,E54000031,QWE,NHS South West London Integrated Care Board,E40000003,Y56,London,EMIS
GP_PRAC_PAT_LIST,01Mar2026,H83037,AUCKLAND SURGERY,SE19 2DF,U33024,ONE THORNTON HEATH PCN,E38000245,36L,NHS South West London ICB - 36L,E54000031,QWE,NHS South West London Integrated Care Board,E40000003,Y56,London,EMIS
GP_PRAC_PAT_LIST,01Mar2026,H83039,STOVELL HOUSE SURGERY,CR0 6AH,U09071,GPNET5 PCN,E38000245,36L,NHS South West London ICB - 36L,E54000031,QWE,NHS South West London Integrated Care Board,E40000003,Y56,London,EMIS
GP_PRAC_PAT_LIST,01Mar2026,H83042,LEANDER FAMILY PRACTICE,CR7 6JE,U85744,PRIMARY CARE NORTH CROYDON PCN,E38000245,36L,NHS South West London ICB - 36L,E54000031,QWE,NHS South West London Integrated Care Board,E40000003,Y56,London,EMIS
GP_PRAC_PAT_LIST,01Mar2026,H83043,SHIRLEY MEDICAL CENTRE,CR0 8BH,U74798,CROYDON GP SUPER NETWORK PCN,E38000245,36L,NHS South West London ICB - 36L,E54000031,QWE,NHS South West London Integrated Care Board,E40000003,Y56,London,EMIS
GP_PRAC_PAT_LIST,01Mar2026,H83044,EAST CROYDON MEDICAL CENTRE,CR0 6SD,U92836,CROYDON LINK PCN,E38000245,36L,NHS South West London ICB - 36L,E54000031,QWE,NHS South West London Integrated Care Board,E40000003,Y56,London,EMIS
GP_PRAC_PAT_LIST,01Mar2026,H83049,HEADLEY DRIVE SURGERY,CR0 0QL,U30526,MAYDAY SOUTH PCN,E38000245,36L,NHS South West London ICB - 36L,E54000031,QWE,NHS South West London Integrated Care Board,E40000003,Y56,London,EMIS
GP_PRAC_PAT_LIST,01Mar2026,H83051,THORNTON ROAD & VALLEY PARK SURGERY,CR0 4YD,U30526,MAYDAY SOUTH PCN,E38000245,36L,NHS South West London ICB - 36L,E54000031,QWE,NHS South West London Integrated Care Board,E40000003,Y56,London,EMIS
GP_PRAC_PAT_LIST,01Mar2026,H83052,BRAMLEY AVENUE SURGERY,CR5 2DR,U38734,SELSDON PURLEY & COULSDON HEALTH PCN,E38000245,36L,NHS South West London ICB - 36L,E54000031,QWE,NHS South West London Integrated Care Board,E40000003,Y56,London,EMIS
GP_PRAC_PAT_LIST,01Mar2026,H83053,PARCHMORE MEDICAL CENTRE,CR7 8LY,U33024,ONE THORNTON HEATH PCN,E38000245,36L,NHS South West London ICB - 36L,E54000031,QWE,NHS South West London Integrated Care Board,E40000003,Y56,London,EMIS
GP_PRAC_PAT_LIST,01Mar2026,H83608,YOUR FAMILY PRACTICE,CR7 7JH,U85744,PRIMARY CARE NORTH CROYDON PCN,E38000245,36L,NHS South West London ICB - 36L,E54000031,QWE,NHS South West London Integrated Care Board,E40000003,Y56,London,EMIS
GP_PRAC_PAT_LIST,01Mar2026,H83609,MERSHAM MEDICAL CENTRE,CR7 8JN,U33024,ONE THORNTON HEATH PCN,E38000245,36L,NHS South West London ICB - 36L,E54000031,QWE,NHS South West London Integrated Care Board,E40000003,Y56,London,EMIS
GP_PRAC_PAT_LIST,01Mar2026,H83611,SELHURST MEDICAL CENTRE,SE25 5QA,U74798,CROYDON GP SUPER NETWORK PCN,E38000245,36L,NHS South West London ICB - 36L,E54000031,QWE,NHS South West London Integrated Care Board,E40000003,Y56,London,EMIS
GP_PRAC_PAT_LIST,01Mar2026,H83624,FAIRVIEW MEDICAL CENTRE,SW16 5PX,U85744,PRIMARY CARE NORTH CROYDON PCN,E38000245,36L,NHS South West London ICB - 36L,E54000031,QWE,NHS South West London Integrated Care Board,E40000003,Y56,London,EMIS
GP_PRAC_PAT_LIST,01Mar2026,H83627,BIRDHURST MEDICAL PRACTICE,CR2 7DX,U09071,GPNET5 PCN,E38000245,36L,NHS South West London ICB - 36L,E54000031,QWE,NHS South West London Integrated Care Board,E40000003,Y56,London,EMIS
GP_PRAC_PAT_LIST,01Mar2026,H83631,GREENSIDE GROUP PRACTICE,CR0 2UL,U74798,CROYDON GP SUPER NETWORK PCN,E38000245,36L,NHS South West London ICB - 36L,E54000031,QWE,NHS South West London Integrated Care Board,E40000003,Y56,London,EMIS
GP_PRAC_PAT_LIST,01Mar2026,H84002,PARK ROAD SURGERY,TW11 0AU,U84150,HAMPTON PCN,E38000245,36L,NHS South West London ICB - 36L,E54000031,QWE,NHS South West London Integrated Care Board,E40000003,Y56,London,Unknown
GP_PRAC_PAT_LIST,01Mar2026,H84005,PARKSHOT MEDICAL PRACTICE,TW9 2RG,U90453,RICHMOND PCN,E38000245,36L,NHS South West London ICB - 36L,E54000031,QWE,NHS South West London Integrated Care Board,E40000003,Y56,London,EMIS
GP_PRAC_PAT_LIST,01Mar2026,H84006,RICHMOND MEDICAL GROUP,SW14 8LP,U32828,SHEEN & BARNES PCN,E38000245,36L,NHS South West London ICB - 36L,E54000031,QWE,NHS South West London Integrated Care Board,E40000003,Y56,London,EMIS
GP_PRAC_PAT_LIST,01Mar2026,H84007,ACORN GROUP PRACTICE,TW1 4EA,U49896,TEDDINGTON PCN,E38000245,36L,NHS South West London ICB - 36L,E54000031,QWE,NHS South West London Integrated Care Board,E40000003,Y56,London,EMIS
GP_PRAC_PAT_LIST,01Mar2026,H84010,CANBURY MEDICAL CENTRE,KT2 6HR,U37262,CANBURY CHURCHILL ORCHARD BERRYLANDS PCN,E38000245,36L,NHS South West London ICB - 36L,E54000031,QWE,NHS South West London Integrated Care Board,E40000003,Y56,London,EMIS
GP_PRAC_PAT_LIST,01Mar2026,H84012,YORK MEDICAL PRACTICE,TW1 3PA,U96434,EAST TWICKENHAM PCN,E38000245,36L,NHS South West London ICB - 36L,E54000031,QWE,NHS South West London Integrated Care Board,E40000003,Y56,London,EMIS
GP_PRAC_PAT_LIST,01Mar2026,H84014,PARADISE ROAD SURGERY,TW9 1SA,U90453,RICHMOND PCN,E38000245,36L,NHS South West London ICB - 36L,E54000031,QWE,NHS South West London Integrated Care Board,E40000003,Y56,London,EMIS
GP_PRAC_PAT_LIST,01Mar2026,H84015,BRUNSWICK SURGERY,KT6 6EZ,U72231,SURBITON HEALTH CENTRE PCN,E38000245,36L,NHS South West London ICB - 36L,E54000031,QWE,NHS South West London Integrated Care Board,E40000003,Y56,London,EMIS
GP_PRAC_PAT_LIST,01Mar2026,H84016,GROVES MEDICAL CENTRE,KT3 3TX,U88126,NEW MALDEN & WORCESTER PARK PCN,E38000245,36L,NHS South West London ICB - 36L,E54000031,QWE,NHS South West London Integrated Care Board,E40000003,Y56,London,EMIS
GP_PRAC_PAT_LIST,01Mar2026,H84017,SEYMOUR HOUSE SURGERY,TW9 1UU,U90453,RICHMOND PCN,E38000245,36L,NHS South West London ICB - 36L,E54000031,QWE,NHS South West London Integrated Care Board,E40000003,Y56,London,EMIS
GP_PRAC_PAT_LIST,01Mar2026,H84018,BROAD LANE SURGERY,TW12 3AX,U84150,HAMPTON PCN,E38000245,36L,NHS South West London ICB - 36L,E54000031,QWE,NHS South West London Integrated Care Board,E40000003,Y56,London,EMIS
GP_PRAC_PAT_LIST,01Mar2026,H84020,FAIRHILL MEDICAL PRACTICE,KT2 7PX,U52814,KINGSTON PCN,E38000245,36L,NHS South West London ICB - 36L,E54000031,QWE,NHS South West London Integrated Care Board,E40000003,Y56,London,EMIS
GP_PRAC_PAT_LIST,01Mar2026,H84023,ESSEX HOUSE SURGERY,SW13 0LW,U32828,SHEEN & BARNES PCN,E38000245,36L,NHS South West London ICB - 36L,E54000031,QWE,NHS South West London Integrated Care Board,E40000003,Y56,London,Unknown
GP_PRAC_PAT_LIST,01Mar2026,H84025,HOOK SURGERY,KT9 2GY,U19424,CHESSINGTON AND SURBITON PCN,E38000245,36L,NHS South West London ICB - 36L,E54000031,QWE,NHS South West London Integrated Care Board,E40000003,Y56,London,EMIS
GP_PRAC_PAT_LIST,01Mar2026,H84027,CHURCHILL MEDICAL CENTRE,KT2 6PG,U37262,CANBURY CHURCHILL ORCHARD BERRYLANDS PCN,E38000245,36L,NHS South West London ICB - 36L,E54000031,QWE,NHS South West London Integrated Care Board,E40000003,Y56,London,EMIS
GP_PRAC_PAT_LIST,01Mar2026,H84030,CENTRAL SURGERY,KT6 6EZ,U72231,SURBITON HEALTH CENTRE PCN,E38000245,36L,NHS South West London ICB - 36L,E54000031,QWE,NHS South West London Integrated Care Board,E40000003,Y56,London,EMIS
GP_PRAC_PAT_LIST,01Mar2026,H84031,JUBILEE SURGERY,TW2 6JL,U96434,EAST TWICKENHAM PCN,E38000245,36L,NHS South West London ICB - 36L,E54000031,QWE,NHS South West London Integrated Care Board,E40000003,Y56,London,EMIS
GP_PRAC_PAT_LIST,01Mar2026,H84032,HAMPTON WICK SURGERY,KT1 4DY,U49896,TEDDINGTON PCN,E38000245,36L,NHS South West London ICB - 36L,E54000031,QWE,NHS South West London Integrated Care Board,E40000003,Y56,London,EMIS
GP_PRAC_PAT_LIST,01Mar2026,H84033,ST ALBANS MEDICAL CENTRE,KT2 5HF,U52814,KINGSTON PCN,E38000245,36L,NHS South West London ICB - 36L,E54000031,QWE,NHS South West London Integrated Care Board,E40000003,Y56,London,EMIS
GP_PRAC_PAT_LIST,01Mar2026,H84034,ORCHARD PRACTICE,KT9 1AG,U37262,CANBURY CHURCHILL ORCHARD BERRYLANDS PCN,E38000245,36L,NHS South West London ICB - 36L,E54000031,QWE,NHS South West London Integrated Care Board,E40000003,Y56,London,EMIS
GP_PRAC_PAT_LIST,01Mar2026,H84039,CROSS DEEP SURGERY,TW1 4QP,U96434,EAST TWICKENHAM PCN,E38000245,36L,NHS South West London ICB - 36L,E54000031,QWE,NHS South West London Integrated Care Board,E40000003,Y56,London,EMIS
GP_PRAC_PAT_LIST,01Mar2026,H84040,HAMPTON MEDICAL CENTRE,TW12 2PB,U84150,HAMPTON PCN,E38000245,36L,NHS South West London ICB - 36L,E54000031,QWE,NHS South West London Integrated Care Board,E40000003,Y56,London,EMIS
GP_PRAC_PAT_LIST,01Mar2026,H84041,VINEYARD SURGERY,TW10 6PP,U90453,RICHMOND PCN,E38000245,36L,NHS South West London ICB - 36L,E54000031,QWE,NHS South West London Integrated Care Board,E40000003,Y56,London,EMIS
GP_PRAC_PAT_LIST,01Mar2026,H84042,HOLMWOOD CORNER SURGERY,KT3 6DR,U88126,NEW MALDEN & WORCESTER PARK PCN,E38000245,36L,NHS South West London ICB - 36L,E54000031,QWE,NHS South West London Integrated Care Board,E40000003,Y56,London,EMIS
GP_PRAC_PAT_LIST,01Mar2026,H84044,THE GREEN & FIR ROAD,TW2 5TU,U49896,TEDDINGTON PCN,E38000245,36L,NHS South West London ICB - 36L,E54000031,QWE,NHS South West London Integrated Care Board,E40000003,Y56,London,EMIS
GP_PRAC_PAT_LIST,01Mar2026,H84048,TWICKENHAM PARK SURGERY,TW1 2AR,U96434,EAST TWICKENHAM PCN,E38000245,36L,NHS South West London ICB - 36L,E54000031,QWE,NHS South West London Integrated Care Board,E40000003,Y56,London,EMIS
GP_PRAC_PAT_LIST,01Mar2026,H84050,CHESSINGTON PARK SURGERY,KT9 2GY,U19424,CHESSINGTON AND SURBITON PCN,E38000245,36L,NHS South West London ICB - 36L,E54000031,QWE,NHS South West London Integrated Care Board,E40000003,Y56,London,EMIS
GP_PRAC_PAT_LIST,01Mar2026,H84051,ROSELAWN SURGERY,KT3 6AA,U88126,NEW MALDEN & WORCESTER PARK PCN,E38000245,36L,NHS South West London ICB - 36L,E54000031,QWE,NHS South West London Integrated Care Board,E40000003,Y56,London,EMIS
GP_PRAC_PAT_LIST,01Mar2026,H84053,BERRYLANDS SURGERY,KT6 6EZ,U37262,CANBURY CHURCHILL ORCHARD BERRYLANDS PCN,E38000245,36L,NHS South West London ICB - 36L,E54000031,QWE,NHS South West London Integrated Care Board,E40000003,Y56,London,EMIS
GP_PRAC_PAT_LIST,01Mar2026,H84054,RED LION ROAD SURGERY,KT6 7QG,U19424,CHESSINGTON AND SURBITON PCN,E38000245,36L,NHS South West London ICB - 36L,E54000031,QWE,NHS South West London Integrated Care Board,E40000003,Y56,London,EMIS
GP_PRAC_PAT_LIST,01Mar2026,H84055,SHEEN LANE SURGERY,SW14 8LP,U32828,SHEEN & BARNES PCN,E38000245,36L,NHS South West London ICB - 36L,E54000031,QWE,NHS South West London Integrated Care Board,E40000003,Y56,London,EMIS
GP_PRAC_PAT_LIST,01Mar2026,H84057,STAINES ROAD MEDICAL CENTRE,TW2 5AU,U84150,HAMPTON PCN,E38000245,36L,NHS South West London ICB - 36L,E54000031,QWE,NHS South West London Integrated Care Board,E40000003,Y56,London,EMIS
GP_PRAC_PAT_LIST,01Mar2026,H84059,THAMESIDE MEDICAL PRACTICE,TW11 8HU,U49896,TEDDINGTON PCN,E38000245,36L,NHS South West London ICB - 36L,E54000031,QWE,NHS South West London Integrated Care Board,E40000003,Y56,London,EMIS
GP_PRAC_PAT_LIST,01Mar2026,H84060,RICHMOND LOCK SURGERY,TW1 1PS,U96434,EAST TWICKENHAM PCN,E38000245,36L,NHS South West London ICB - 36L,E54000031,QWE,NHS South West London Integrated Care Board,E40000003,Y56,London,EMIS
GP_PRAC_PAT_LIST,01Mar2026,H84061,KINGSTON HEALTH CENTRE,KT2 5AD,U52814,KINGSTON PCN,E38000245,36L,NHS South West London ICB - 36L,E54000031,QWE,NHS South West London Integrated Care Board,E40000003,Y56,London,EMIS
GP_PRAC_PAT_LIST,01Mar2026,H84062,LANGLEY MEDICAL PRACTICE,KT6 6EZ,U72231,SURBITON HEALTH CENTRE PCN,E38000245,36L,NHS South West London ICB - 36L,E54000031,QWE,NHS South West London Integrated Care Board,E40000003,Y56,London,EMIS
GP_PRAC_PAT_LIST,01Mar2026,H84618,SUNRAY SURGERY,KT5 9QD,U19424,CHESSINGTON AND SURBITON PCN,E38000245,36L,NHS South West London ICB - 36L,E54000031,QWE,NHS South West London Integrated Care Board,E40000003,Y56,London,EMIS
GP_PRAC_PAT_LIST,01Mar2026,H84619,CLAREMONT MEDICAL CENTRE,KT6 6BS,U19424,CHESSINGTON AND SURBITON PCN,E38000245,36L,NHS South West London ICB - 36L,E54000031,QWE,NHS South West London Integrated Care Board,E40000003,Y56,London,EMIS
GP_PRAC_PAT_LIST,01Mar2026,H84623,HAMPTON HILL MEDICAL CENTRE,TW12 1NY,U49896,TEDDINGTON PCN,E38000245,36L,NHS South West London ICB - 36L,E54000031,QWE,NHS South West London Integrated Care Board,E40000003,Y56,London,EMIS
GP_PRAC_PAT_LIST,01Mar2026,H84625,WOODLAWN MEDICAL CENTRE,TW2 6EE,U96434,EAST TWICKENHAM PCN,E38000245,36L,NHS South West London ICB - 36L,E54000031,QWE,NHS South West London Integrated Care Board,E40000003,Y56,London,EMIS
GP_PRAC_PAT_LIST,01Mar2026,H84630,CRANE PARK SURGERY,TW2 6JL,U96434,EAST TWICKENHAM PCN,E38000245,36L,NHS South West London ICB - 36L,E54000031,QWE,NHS South West London Integrated Care Board,E40000003,Y56,London,EMIS
GP_PRAC_PAT_LIST,01Mar2026,H84635,MANOR DRIVE MEDICAL CENTRE,KT4 7LG,U88126,NEW MALDEN & WORCESTER PARK PCN,E38000245,36L,NHS South West London ICB - 36L,E54000031,QWE,NHS South West London Integrated Care Board,E40000003,Y56,London,EMIS
GP_PRAC_PAT_LIST,01Mar2026,H84639,KEW MEDICAL PRACTICE,TW9 4BH,U90453,RICHMOND PCN,E38000245,36L,NHS South West London ICB - 36L,E54000031,QWE,NHS South West London Integrated Care Board,E40000003,Y56,London,EMIS
GP_PRAC_PAT_LIST,01Mar2026,H85001,WANDSWORTH MEDICAL CENTRE,SW18 4DD,U61963,WANDLE PCN,E38000245,36L,NHS South West London ICB - 36L,E54000031,QWE,NHS South West London Integrated Care Board,E40000003,Y56,London,EMIS
GP_PRAC_PAT_LIST,01Mar2026,H85002,FALCON ROAD MEDICAL CENTRE,SW11 2PH,U73458,WANDSWORTH PCN,E38000245,36L,NHS South West London ICB - 36L,E54000031,QWE,NHS South West London Integrated Care Board,E40000003,Y56,London,EMIS
GP_PRAC_PAT_LIST,01Mar2026,H85003,QUEENSTOWN ROAD MEDICAL PRACTICE,SW8 3RX,U42154,BATTERSEA PCN,E38000245,36L,NHS South West London ICB - 36L,E54000031,QWE,NHS South West London Integrated Care Board,E40000003,Y56,London,EMIS
GP_PRAC_PAT_LIST,01Mar2026,H85006,MAYFIELD SURGERY,SW15 4AA,U97650,PRIME WANDSWORTH PCN,E38000245,36L,NHS South West London ICB - 36L,E54000031,QWE,NHS South West London Integrated Care Board,E40000003,Y56,London,EMIS
GP_PRAC_PAT_LIST,01Mar2026,H85007,SOUTHFIELDS GROUP PRACTICE,SW18 5AE,U61963,WANDLE PCN,E38000245,36L,NHS South West London ICB - 36L,E54000031,QWE,NHS South West London Integrated Care Board,E40000003,Y56,London,EMIS
GP_PRAC_PAT_LIST,01Mar2026,H85008,ROEHAMPTON SURGERY,SW15 4HN,U45842,WEST WANDSWORTH PCN,E38000245,36L,NHS South West London ICB - 36L,E54000031,QWE,NHS South West London Integrated Care Board,E40000003,Y56,London,EMIS
GP_PRAC_PAT_LIST,01Mar2026,H85009,BEDFORD HILL FAMILY PRACTICE,SW12 9HS,U42598,"BALHAM, TOOTING & FURZEDOWN PCN",E38000245,36L,NHS South West London ICB - 36L,E54000031,QWE,NHS South West London Integrated Care Board,E40000003,Y56,London,EMIS
GP_PRAC_PAT_LIST,01Mar2026,H85011,GREYSWOOD PRACTICE,SW16 6PX,U42598,"BALHAM, TOOTING & FURZEDOWN PCN",E38000245,36L,NHS South West London ICB - 36L,E54000031,QWE,NHS South West London Integrated Care Board,E40000003,Y56,London,EMIS
GP_PRAC_PAT_LIST,01Mar2026,H85012,PUTNEYMEAD GROUP MEDICAL PRACTICE,SW15 6TQ,U45842,WEST WANDSWORTH PCN,E38000245,36L,NHS South West London ICB - 36L,E54000031,QWE,NHS South West London Integrated Care Board,E40000003,Y56,London,EMIS
GP_PRAC_PAT_LIST,01Mar2026,H85018,MULGRAVE ROAD SURGERY,SM2 6LX,U07607,CENTRAL SUTTON PCN,E38000245,36L,NHS South West London ICB - 36L,E54000031,QWE,NHS South West London Integrated Care Board,E40000003,Y56,London,EMIS
GP_PRAC_PAT_LIST,01Mar2026,H85020,NELSON MEDICAL PRACTICE,SW20 8DA,U44050,SOUTH WEST MERTON PCN,E38000245,36L,NHS South West London ICB - 36L,E54000031,QWE,NHS South West London Integrated Care Board,E40000003,Y56,London,EMIS
GP_PRAC_PAT_LIST,01Mar2026,H85021,CHESSER PRACTICE,SM5 2RT,U87787,CARSHALTON PCN,E38000245,36L,NHS South West London ICB - 36L,E54000031,QWE,NHS South West London Integrated Care Board,E40000003,Y56,London,EMIS
GP_PRAC_PAT_LIST,01Mar2026,H85022,PARK ROAD MEDICAL CENTRE,SM6 8AW,U66620,WALLINGTON PCN,E38000245,36L,NHS South West London ICB - 36L,E54000031,QWE,NHS South West London Integrated Care Board,E40000003,Y56,London,EMIS
GP_PRAC_PAT_LIST,01Mar2026,H85023,BISHOPSFORD ROAD MEDICAL CENTRE,SM4 6BH,U87787,CARSHALTON PCN,E38000245,36L,NHS South West London ICB - 36L,E54000031,QWE,NHS South West London Integrated Care Board,E40000003,Y56,London,EMIS
GP_PRAC_PAT_LIST,01Mar2026,H85024,MITCHAM & TOOTING HEALTH,CR4 3PR,U77811,NORTH MERTON PCN,E38000245,36L,NHS South West London ICB - 36L,E54000031,QWE,NHS South West London Integrated Care Board,E40000003,Y56,London,EMIS
GP_PRAC_PAT_LIST,01Mar2026,H85025,WRYTHE GREEN SURGERY,SM5 2RE,U87787,CARSHALTON PCN,E38000245,36L,NHS South West London ICB - 36L,E54000031,QWE,NHS South West London Integrated Care Board,E40000003,Y56,London,EMIS
GP_PRAC_PAT_LIST,01Mar2026,H85026,FRANCIS GROVE SURGERY,SW19 4DL,U00070,WEST MERTON PCN,E38000245,36L,NHS South West London ICB - 36L,E54000031,QWE,NHS South West London Integrated Care Board,E40000003,Y56,London,EMIS
GP_PRAC_PAT_LIST,01Mar2026,H85027,WIMBLEDON VILLAGE SURGERY,SW19 5BY,U52546,NORTH WEST MERTON PCN,E38000245,36L,NHS South West London ICB - 36L,E54000031,QWE,NHS South West London Integrated Care Board,E40000003,Y56,London,EMIS
GP_PRAC_PAT_LIST,01Mar2026,H85028,WIMBLEDON MEDICAL PRACTICE,SW19 1NX,U52546,NORTH WEST MERTON PCN,E38000245,36L,NHS South West London ICB - 36L,E54000031,QWE,NHS South West London Integrated Care Board,E40000003,Y56,London,EMIS
GP_PRAC_PAT_LIST,01Mar2026,H85029,WIDE WAY MEDICAL CENTRE,CR4 1BP,U40458,MORDEN PCN,E38000245,36L,NHS South West London ICB - 36L,E54000031,QWE,NHS South West London Integrated Care Board,E40000003,Y56,London,EMIS
GP_PRAC_PAT_LIST,01Mar2026,H85030,OLD COURT HOUSE SURGERY,SM1 4AF,U07607,CENTRAL SUTTON PCN,E38000245,36L,NHS South West London ICB - 36L,E54000031,QWE,NHS South West London Integrated Care Board,E40000003,Y56,London,EMIS
GP_PRAC_PAT_LIST,01Mar2026,H85031,BENHILL & BELMONT GP CENTRE,SM1 4EB,U92151,CHEAM AND SOUTH SUTTON PCN,E38000245,36L,NHS South West London ICB - 36L,E54000031,QWE,NHS South West London Integrated Care Board,E40000003,Y56,London,EMIS
GP_PRAC_PAT_LIST,01Mar2026,H85033,TAMWORTH HOUSE MEDICAL CENTRE,CR4 1DL,U45943,EAST MERTON PCN,E38000245,36L,NHS South West London ICB - 36L,E54000031,QWE,NHS South West London Integrated Care Board,E40000003,Y56,London,EMIS
GP_PRAC_PAT_LIST,01Mar2026,H85037,MORDEN HALL MEDICAL CENTRE,SW19 3DA,U40458,MORDEN PCN,E38000245,36L,NHS South West London ICB - 36L,E54000031,QWE,NHS South West London Integrated Care Board,E40000003,Y56,London,EMIS
GP_PRAC_PAT_LIST,01Mar2026,H85038,CRICKET GREEN MEDICAL PRACTICE,CR4 3DA,U45943,EAST MERTON PCN,E38000245,36L,NHS South West London ICB - 36L,E54000031,QWE,NHS South West London Integrated Care Board,E40000003,Y56,London,EMIS
GP_PRAC_PAT_LIST,01Mar2026,H85041,EARLSFIELD SURGERY,SW18 4HH,U61963,WANDLE PCN,E38000245,36L,NHS South West London ICB - 36L,E54000031,QWE,NHS South West London Integrated Care Board,E40000003,Y56,London,EMIS
GP_PRAC_PAT_LIST,01Mar2026,H85045,BRIDGE LANE GROUP PRACTICE,SW11 3AD,U42154,BATTERSEA PCN,E38000245,36L,NHS South West London ICB - 36L,E54000031,QWE,NHS South West London Integrated Care Board,E40000003,Y56,London,EMIS
GP_PRAC_PAT_LIST,01Mar2026,H85047,CHATFIELD HEALTH CARE,SW11 3UJ,U73458,WANDSWORTH PCN,E38000245,36L,NHS South West London ICB - 36L,E54000031,QWE,NHS South West London Integrated Care Board,E40000003,Y56,London,EMIS
GP_PRAC_PAT_LIST,01Mar2026,H85048,BROCKLEBANK GROUP PRACTICE,SW18 4DU,U71206,BROCKLEBANK PCN,E38000245,36L,NHS South West London ICB - 36L,E54000031,QWE,NHS South West London Integrated Care Board,E40000003,Y56,London,EMIS
GP_PRAC_PAT_LIST,01Mar2026,H85049,BATTERSEA RISE GROUP PRACTICE,SW11 1HG,U42154,BATTERSEA PCN,E38000245,36L,NHS South West London ICB - 36L,E54000031,QWE,NHS South West London Integrated Care Board,E40000003,Y56,London,EMIS
GP_PRAC_PAT_LIST,01Mar2026,H85051,LAMBTON ROAD MEDICAL PRACTICE,SW20 0LW,U00070,WEST MERTON PCN,E38000245,36L,NHS South West London ICB - 36L,E54000031,QWE,NHS South West London Integrated Care Board,E40000003,Y56,London,EMIS
GP_PRAC_PAT_LIST,01Mar2026,H85052,STREATHAM PARK SURGERY,SW16 6LY,U42598,"BALHAM, TOOTING & FURZEDOWN PCN",E38000245,36L,NHS South West London ICB - 36L,E54000031,QWE,NHS South West London Integrated Care Board,E40000003,Y56,London,EMIS
GP_PRAC_PAT_LIST,01Mar2026,H85053,SUTTON MEDICAL CENTRE,SM1 4NG,U87787,CARSHALTON PCN,E38000245,36L,NHS South West London ICB - 36L,E54000031,QWE,NHS South West London Integrated Care Board,E40000003,Y56,London,EMIS
GP_PRAC_PAT_LIST,01Mar2026,H85055,WEST BARNES SURGERY,KT3 6JD,U88126,NEW MALDEN & WORCESTER PARK PCN,E38000245,36L,NHS South West London ICB - 36L,E54000031,QWE,NHS South West London Integrated Care Board,E40000003,Y56,London,EMIS
GP_PRAC_PAT_LIST,01Mar2026,H85057,ELBOROUGH STREET SURGERY,SW18 5DS,U61963,WANDLE PCN,E38000245,36L,NHS South West London ICB - 36L,E54000031,QWE,NHS South West London Integrated Care Board,E40000003,Y56,London,EMIS
GP_PRAC_PAT_LIST,01Mar2026,H85061,HEATHBRIDGE PRACTICE,SW15 2TL,U97650,PRIME WANDSWORTH PCN,E38000245,36L,NHS South West London ICB - 36L,E54000031,QWE,NHS South West London Integrated Care Board,E40000003,Y56,London,EMIS
GP_PRAC_PAT_LIST,01Mar2026,H85063,CHEAM GP CENTRE,SM3 8EP,U92151,CHEAM AND SOUTH SUTTON PCN,E38000245,36L,NHS South West London ICB - 36L,E54000031,QWE,NHS South West London Integrated Care Board,E40000003,Y56,London,EMIS
GP_PRAC_PAT_LIST,01Mar2026,H85065,ALTON PRACTICE,SW15 4LE,U45842,WEST WANDSWORTH PCN,E38000245,36L,NHS South West London ICB - 36L,E54000031,QWE,NHS South West London Integrated Care Board,E40000003,Y56,London,EMIS
GP_PRAC_PAT_LIST,01Mar2026,H85066,BALHAM PARK SURGERY,SW17 7AW,U02454,NIGHTINGALE PCN,E38000245,36L,NHS South West London ICB - 36L,E54000031,QWE,NHS South West London Integrated Care Board,E40000003,Y56,London,EMIS
GP_PRAC_PAT_LIST,01Mar2026,H85067,DANEBURY AVENUE SURGERY,SW15 4DU,U45842,WEST WANDSWORTH PCN,E38000245,36L,NHS South West London ICB - 36L,E54000031,QWE,NHS South West London Integrated Care Board,E40000003,Y56,London,EMIS
GP_PRAC_PAT_LIST,01Mar2026,H85069,LAVENDER HILL GROUP PRACTICE,SW11 5TU,U42154,BATTERSEA PCN,E38000245,36L,NHS South West London ICB - 36L,E54000031,QWE,NHS South West London Integrated Care Board,E40000003,Y56,London,EMIS
GP_PRAC_PAT_LIST,01Mar2026,H85070,CENTRAL MEDICAL CENTRE,SM4 5RT,U40458,MORDEN PCN,E38000245,36L,NHS South West London ICB - 36L,E54000031,QWE,NHS South West London Integrated Care Board,E40000003,Y56,London,EMIS
GP_PRAC_PAT_LIST,01Mar2026,H85075,HAIDER PRACTICE,SW11 1SW,U71206,BROCKLEBANK PCN,E38000245,36L,NHS South West London ICB - 36L,E54000031,QWE,NHS South West London Integrated Care Board,E40000003,Y56,London,EMIS
GP_PRAC_PAT_LIST,01Mar2026,H85076,STONECOT SURGERY,SM3 9EY,U40458,MORDEN PCN,E38000245,36L,NHS South West London ICB - 36L,E54000031,QWE,NHS South West London Integrated Care Board,E40000003,Y56,London,EMIS
GP_PRAC_PAT_LIST,01Mar2026,H85077,BOLINGBROKE MEDICAL CENTRE,SW11 6BF,U73458,WANDSWORTH PCN,E38000245,36L,NHS South West London ICB - 36L,E54000031,QWE,NHS South West London Integrated Care Board,E40000003,Y56,London,EMIS
GP_PRAC_PAT_LIST,01Mar2026,H85078,MITCHAM FAMILY PRACTICE,CR4 3HS,U77811,NORTH MERTON PCN,E38000245,36L,NHS South West London ICB - 36L,E54000031,QWE,NHS South West London Integrated Care Board,E40000003,Y56,London,EMIS
GP_PRAC_PAT_LIST,01Mar2026,H85082,TRIANGLE SURGERY,SW18 4HX,U61963,WANDLE PCN,E38000245,36L,NHS South West London ICB - 36L,E54000031,QWE,NHS South West London Integrated Care Board,E40000003,Y56,London,EMIS
GP_PRAC_PAT_LIST,01Mar2026,H85087,OPEN DOOR SURGERY,SW12 8EU,U42598,"BALHAM, TOOTING & FURZEDOWN PCN",E38000245,36L,NHS South West London ICB - 36L,E54000031,QWE,NHS South West London Integrated Care Board,E40000003,Y56,London,EMIS
GP_PRAC_PAT_LIST,01Mar2026,H85088,CLAPHAM JUNCTION MEDICAL PRACTICE,SW11 2EJ,U73458,WANDSWORTH PCN,E38000245,36L,NHS South West London ICB - 36L,E54000031,QWE,NHS South West London Integrated Care Board,E40000003,Y56,London,EMIS
GP_PRAC_PAT_LIST,01Mar2026,H85090,FIGGES MARSH SURGERY,CR4 3LD,U45943,EAST MERTON PCN,E38000245,36L,NHS South West London ICB - 36L,E54000031,QWE,NHS South West London Integrated Care Board,E40000003,Y56,London,EMIS
GP_PRAC_PAT_LIST,01Mar2026,H85092,RIVERHOUSE MEDICAL PRACTICE,SW19 1YG,U77811,NORTH MERTON PCN,E38000245,36L,NHS South West London ICB - 36L,E54000031,QWE,NHS South West London Integrated Care Board,E40000003,Y56,London,EMIS
GP_PRAC_PAT_LIST,01Mar2026,H85095,ROBIN HOOD LANE HEALTH CENTRE,SM1 2RJ,U07607,CENTRAL SUTTON PCN,E38000245,36L,NHS South West London ICB - 36L,E54000031,QWE,NHS South West London Integrated Care Board,E40000003,Y56,London,EMIS
GP_PRAC_PAT_LIST,01Mar2026,H85100,ST PAULS COTTAGE SURGERY,SW19 6EW,U71206,BROCKLEBANK PCN,E38000245,36L,NHS South West London ICB - 36L,E54000031,QWE,NHS South West London Integrated Care Board,E40000003,Y56,London,EMIS
GP_PRAC_PAT_LIST,01Mar2026,H85101,GRAND DRIVE SURGERY,SW20 9EA,U44050,SOUTH WEST MERTON PCN,E38000245,36L,NHS South West London ICB - 36L,E54000031,QWE,NHS South West London Integrated Care Board,E40000003,Y56,London,EMIS
GP_PRAC_PAT_LIST,01Mar2026,H85103,HACKBRIDGE MEDICAL CENTRE,SM6 7DS,U87787,CARSHALTON PCN,E38000245,36L,NHS South West London ICB - 36L,E54000031,QWE,NHS South West London Integrated Care Board,E40000003,Y56,London,EMIS
GP_PRAC_PAT_LIST,01Mar2026,H85105,CHEAM FAMILY PRACTICE,SM3 8BS,U92151,CHEAM AND SOUTH SUTTON PCN,E38000245,36L,NHS South West London ICB - 36L,E54000031,QWE,NHS South West London Integrated Care Board,E40000003,Y56,London,EMIS
GP_PRAC_PAT_LIST,01Mar2026,H85110,RAVENSBURY PARK MEDICAL CENTRE,CR4 4DQ,U40458,MORDEN PCN,E38000245,36L,NHS South West London ICB - 36L,E54000031,QWE,NHS South West London Integrated Care Board,E40000003,Y56,London,EMIS
GP_PRAC_PAT_LIST,01Mar2026,H85111,BATTERSEA FIELDS PRACTICE,SW11 5JP,U42154,BATTERSEA PCN,E38000245,36L,NHS South West London ICB - 36L,E54000031,QWE,NHS South West London Integrated Care Board,E40000003,Y56,London,EMIS
GP_PRAC_PAT_LIST,01Mar2026,H85112,VINEYARD HILL ROAD SURGERY,SW19 7JL,U52546,NORTH WEST MERTON PCN,E38000245,36L,NHS South West London ICB - 36L,E54000031,QWE,NHS South West London Integrated Care Board,E40000003,Y56,London,EMIS
GP_PRAC_PAT_LIST,01Mar2026,H85113,MALDON ROAD SURGERY,SM6 8BL,U66620,WALLINGTON PCN,E38000245,36L,NHS South West London ICB - 36L,E54000031,QWE,NHS South West London Integrated Care Board,E40000003,Y56,London,EMIS
GP_PRAC_PAT_LIST,01Mar2026,H85114,THURLEIGH ROAD PRACTICE,SW12 8TT,U02454,NIGHTINGALE PCN,E38000245,36L,NHS South West London ICB - 36L,E54000031,QWE,NHS South West London Integrated Care Board,E40000003,Y56,London,EMIS
GP_PRAC_PAT_LIST,01Mar2026,H85115,SHOTFIELD MEDICAL PRACTICE,SM6 0HY,U66620,WALLINGTON PCN,E38000245,36L,NHS South West London ICB - 36L,E54000031,QWE,NHS South West London Integrated Care Board,E40000003,Y56,London,EMIS
GP_PRAC_PAT_LIST,01Mar2026,H85116,MANOR PRACTICE,SM6 0DE,U66620,WALLINGTON PCN,E38000245,36L,NHS South West London ICB - 36L,E54000031,QWE,NHS South West London Integrated Care Board,E40000003,Y56,London,EMIS
GP_PRAC_PAT_LIST,01Mar2026,H85618,JAMES O'RIORDAN MEDICAL CENTRE,SM3 9HE,U92151,CHEAM AND SOUTH SUTTON PCN,E38000245,36L,NHS South West London ICB - 36L,E54000031,QWE,NHS South West London Integrated Care Board,E40000003,Y56,London,EMIS
GP_PRAC_PAT_LIST,01Mar2026,H85634,MERTON MEDICAL PRACTICE,SW19 1DG,U77811,NORTH MERTON PCN,E38000245,36L,NHS South West London ICB - 36L,E54000031,QWE,NHS South West London Integrated Care Board,E40000003,Y56,London,EMIS
GP_PRAC_PAT_LIST,01Mar2026,H85637,BALHAM HEALTH CENTRE,SW12 9HS,U42598,"BALHAM, TOOTING & FURZEDOWN PCN",E38000245,36L,NHS South West London ICB - 36L,E54000031,QWE,NHS South West London Integrated Care Board,E40000003,Y56,London,EMIS
GP_PRAC_PAT_LIST,01Mar2026,H85649,COLLIERS WOOD SURGERY,SW19 2BY,U77811,NORTH MERTON PCN,E38000245,36L,NHS South West London ICB - 36L,E54000031,QWE,NHS South West London Integrated Care Board,E40000003,Y56,London,EMIS
GP_PRAC_PAT_LIST,01Mar2026,H85653,WALLINGTON FAMILY PRACTICE,SM6 0HY,U66620,WALLINGTON PCN,E38000245,36L,NHS South West London ICB - 36L,E54000031,QWE,NHS South West London Integrated Care Board,E40000003,Y56,London,EMIS
GP_PRAC_PAT_LIST,01Mar2026,H85656,ALEXANDRA ROAD SURGERY,SW19 7JZ,U52546,NORTH WEST MERTON PCN,E38000245,36L,NHS South West London ICB - 36L,E54000031,QWE,NHS South West London Integrated Care Board,E40000003,Y56,London,EMIS
GP_PRAC_PAT_LIST,01Mar2026,H85659,ST JOHNS HILL SURGERY,SW11 1SW,U73458,WANDSWORTH PCN,E38000245,36L,NHS South West London ICB - 36L,E54000031,QWE,NHS South West London Integrated Care Board,E40000003,Y56,London,EMIS
GP_PRAC_PAT_LIST,01Mar2026,H85662,BEECHES SURGERY,SM5 3RB,U66620,WALLINGTON PCN,E38000245,36L,NHS South West London ICB - 36L,E54000031,QWE,NHS South West London Integrated Care Board,E40000003,Y56,London,EMIS
GP_PRAC_PAT_LIST,01Mar2026,H85664,TOOTING BEC SURGERY,SW17 7BA,U,Unallocated,E38000245,36L,NHS South West London ICB - 36L,E54000031,QWE,NHS South West London Integrated Care Board,E40000003,Y56,London,EMIS
GP_PRAC_PAT_LIST,01Mar2026,H85680,TOOTING SOUTH MEDICAL CENTRE,SW17 9HQ,U42598,"BALHAM, TOOTING & FURZEDOWN PCN",E38000245,36L,NHS South West London ICB - 36L,E54000031,QWE,NHS South West London Integrated Care Board,E40000003,Y56,London,EMIS
GP_PRAC_PAT_LIST,01Mar2026,H85682,TUDOR LODGE HEALTH CENTRE,SW19 6AE,U97650,PRIME WANDSWORTH PCN,E38000245,36L,NHS South West London ICB - 36L,E54000031,QWE,NHS South West London Integrated Care Board,E40000003,Y56,London,EMIS
GP_PRAC_PAT_LIST,01Mar2026,H85683,FACCINI HOUSE SURGERY,SM4 6RT,U87787,CARSHALTON PCN,E38000245,36L,NHS South West London ICB - 36L,E54000031,QWE,NHS South West London Integrated Care Board,E40000003,Y56,London,EMIS
GP_PRAC_PAT_LIST,01Mar2026,H85686,GROVE ROAD PRACTICE,SM1 2DB,U07607,CENTRAL SUTTON PCN,E38000245,36L,NHS South West London ICB - 36L,E54000031,QWE,NHS South West London Integrated Care Board,E40000003,Y56,London,EMIS
GP_PRAC_PAT_LIST,01Mar2026,H85691,NIGHTINGALE PRACTICE,SW12 8NB,U02454,NIGHTINGALE PCN,E38000245,36L,NHS South West London ICB - 36L,E54000031,QWE,NHS South West London Integrated Care Board,E40000003,Y56,London,EMIS
GP_PRAC_PAT_LIST,01Mar2026,H85693,CIRCLE GP SURGERY,SM5 1JL,U87787,CARSHALTON PCN,E38000245,36L,NHS South West London ICB - 36L,E54000031,QWE,NHS South West London Integrated Care Board,E40000003,Y56,London,EMIS
GP_PRAC_PAT_LIST,01Mar2026,Y00020,THE GRANTHAM PRACTICE,SW9 9BH,U65434,STOCKWELLBEING PCN,E38000244,72Q,NHS South East London ICB - 72Q,E54000030,QKK,NHS South East London Integrated Care Board,E40000003,Y56,London,EMIS
GP_PRAC_PAT_LIST,01Mar2026,Y00182,RAINBOW HEALTH CENTRE,CR0 2PD,U,Unallocated,E38000245,36L,NHS South West London ICB - 36L,E54000031,QWE,NHS South West London Integrated Care Board,E40000003,Y56,London,EMIS
GP_PRAC_PAT_LIST,01Mar2026,Y01132,CHARTFIELD SURGERY,SW15 6HG,U97650,PRIME WANDSWORTH PCN,E38000245,36L,NHS South West London ICB - 36L,E54000031,QWE,NHS South West London Integrated Care Board,E40000003,Y56,London,EMIS
GP_PRAC_PAT_LIST,01Mar2026,Y01206,GLEBE ROAD SURGERY,SW13 0DR,U32828,SHEEN & BARNES PCN,E38000245,36L,NHS South West London ICB - 36L,E54000031,QWE,NHS South West London Integrated Care Board,E40000003,Y56,London,EMIS
GP_PRAC_PAT_LIST,01Mar2026,Y02423,GRAFTON MEDICAL PARTNERS,SW17 0RT,U78272,GRAFTON MEDICAL PARTNERS PCN,E38000245,36L,NHS South West London ICB - 36L,E54000031,QWE,NHS South West London Integrated Care Board,E40000003,Y56,London,EMIS
GP_PRAC_PAT_LIST,01Mar2026,Y02946,JUNCTION HEALTH CENTRE,SW11 2NU,U73458,WANDSWORTH PCN,E38000245,36L,NHS South West London ICB - 36L,E54000031,QWE,NHS South West London Integrated Care Board,E40000003,Y56,London,EMIS
GP_PRAC_PAT_LIST,01Mar2026,Y02974,AT MEDICS,SE28 0NY,U11690,RIVERVIEW HEALTH PCN,E38000244,72Q,NHS South East London ICB - 72Q,E54000030,QKK,NHS South East London Integrated Care Board,E40000003,Y56,London,EMIS
GP_PRAC_PAT_LIST,01Mar2026,Y03063,HETHERINGTON AT THE PAVILION,SW9 8DJ,U36779,BRIXTON AND CLAPHAM PARK PCN,E38000244,72Q,NHS South East London ICB - 72Q,E54000030,QKK,NHS South East London Integrated Care Board,E40000003,Y56,London,EMIS
GP_PRAC_PAT_LIST,01Mar2026,Y03755,GREENWICH PENINSULA,SE10 0QN,U46593,GREENWICH WEST PCN,E38000244,72Q,NHS South East London ICB - 72Q,E54000030,QKK,NHS South East London Integrated Care Board,E40000003,Y56,London,EMIS
GP_PRAC_PAT_LIST,01Mar2026,Y05317,COUNTRY PARK PRACTICE,SE25 5NT,U74798,CROYDON GP SUPER NETWORK PCN,E38000245,36L,NHS South West London ICB - 36L,E54000031,QWE,NHS South West London Integrated Care Board,E40000003,Y56,London,EMIS
GP_PRAC_PAT_LIST,01Mar2026,Y05318,DENMARK ROAD SURGERY,SE25 5NT,U74798,CROYDON GP SUPER NETWORK PCN,E38000245,36L,NHS South West London ICB - 36L,E54000031,QWE,NHS South West London Integrated Care Board,E40000003,Y56,London,EMIS
GP_PRAC_PAT_LIST,01Mar2026,Y05857,RHND,SW15 3SW,U,Unallocated,E38000245,36L,NHS South West London ICB - 36L,E54000031,QWE,NHS South West London Integrated Care Board,E40000003,Y56,London,EMIS
GP_PRAC_PAT_LIST,01Mar2026,Y06113,QHS GP CARE HOME SERVICE,SE16 4BL,U06180,NORTH SOUTHWARK PCN,E38000244,72Q,NHS South East London ICB - 72Q,E54000030,QKK,NHS South East London Integrated Care Board,E40000003,Y56,London,EMIS
GP_PRAC_PAT_LIST,01Mar2026,Y06345,BROMLEAG CARE PRACTICE,BR3 1DU,U87524,ORPINGTON PCN,E38000244,72Q,NHS South East London ICB - 72Q,E54000030,QKK,NHS South East London Integrated Care Board,E40000003,Y56,London,EMIS
GP_PRAC_PAT_LIST,01Mar2026,Y06545,SEL SPECIAL ALLOCATION PRACTICE,SE23 1RJ,U58020,SEVENFIELDS PCN,E38000244,72Q,NHS South East London ICB - 72Q,E54000030,QKK,NHS South East London Integrated Care Board,E40000003,Y56,London,EMIS
GP_PRAC_PAT_LIST,01Mar2026,Y07020,ONE CARE LAMBETH,SE23 1RJ,U39721,"HILLS, BROOKS & DALES GROUP PCN",E38000244,72Q,NHS South East London ICB - 72Q,E54000030,QKK,NHS South East London Integrated Care Board,E40000003,Y56,London,EMIS
GP_PRAC_PAT_LIST,01Mar2026,Y08411,ONE CARE LEWISHAM,SE23 1RJ,U53896,NORTH LEWISHAM PCN,E38000244,72Q,NHS South East London ICB - 72Q,E54000030,QKK,NHS South East London Integrated Care Board,E40000003,Y56,London,EMIS
