PRACTICE_CODE_DEM,PRACTICE_NAME,PCN_ODS_CODE,PCN_NAME,SUB_ICB_ODS_CODE,SUB_ICB_ONS_CODE,ASS_Declined_GP_Mem_Ass,ASS_Declined_GP_Mem_Clinic,ASS_Received_GP,ASS_Received_GP_Mem_Ass,ASS_Received_GP_Mem_Clinic,DEMENTIA_REGISTER_0_64,DEMENTIA_REGISTER_65_PLUS,DIAG_Declined_Care_Plan,DIAG_Received_Care_Plan,DIAG_Received_Med_Rev,PAT_LIST_0_64,PAT_LIST_65_PLUS,PRACTICE_CODE_GP,PRACTICE_POSTCODE,PCN_CODE,ICB_CODE,ICB_NAME,SUPPLIER_NAME
G83001,MANOR BROOK PMS,U00254,BLACKHEATH AND CHARLTON PCN,72Q,E38000244,1.0,0.0,18.0,3.0,8.0,1.0,61.0,0.0,47.0,39.0,10122.0,2035.0,G83001,SE3 0EN,U00254,QKK,NHS South East London Integrated Care Board,EMIS
G83002,THE WESTWOOD SURGERY,U88820,CLOCKTOWER PCN,72Q,E38000244,0.0,2.0,79.0,2.0,9.0,3.0,170.0,0.0,162.0,127.0,7970.0,1686.0,G83002,DA16 2HE,U88820,QKK,NHS South East London Integrated Care Board,EMIS
G83004,BARNARD MEDICAL GROUP,U50197,FROGNAL PCN,72Q,E38000244,0.0,0.0,20.0,0.0,10.0,2.0,97.0,0.0,11.0,8.0,10065.0,3299.0,G83004,DA14 4TA,U50197,QKK,NHS South East London Integrated Care Board,EMIS
G83006,THE ALBION SURGERY,U07140,APL BEXLEY PCN,72Q,E38000244,0.0,0.0,18.0,0.0,8.0,3.0,123.0,1.0,93.0,22.0,12880.0,3160.0,G83006,DA6 7LP,U07140,QKK,NHS South East London Integrated Care Board,EMIS
G83009,BELLEGROVE SURGERY,U88820,CLOCKTOWER PCN,72Q,E38000244,0.0,0.0,36.0,0.0,8.0,0.0,67.0,1.0,44.0,10.0,9334.0,2056.0,G83009,DA16 3RE,U88820,QKK,NHS South East London Integrated Care Board,EMIS
G83010,NORTHUMBERLAND HEATH MED.CTR.,U67110,NORTH BEXLEY PCN,72Q,E38000244,2.0,0.0,34.0,2.0,18.0,1.0,144.0,1.0,110.0,95.0,12082.0,2418.0,G83010,DA8 3DB,U67110,QKK,NHS South East London Integrated Care Board,EMIS
G83012,GALLIONS REACH HEALTH CENTRE,U11690,RIVERVIEW HEALTH PCN,72Q,E38000244,0.0,0.0,15.0,0.0,10.0,2.0,60.0,0.0,18.0,15.0,14080.0,1676.0,G83012,SE28 8BE,U11690,QKK,NHS South East London Integrated Care Board,EMIS
G83013,BLACKHEATH STANDARD PMS,U00254,BLACKHEATH AND CHARLTON PCN,72Q,E38000244,0.0,0.0,10.0,0.0,0.0,0.0,32.0,0.0,26.0,24.0,6906.0,1099.0,G83013,SE3 7HB,U00254,QKK,NHS South East London Integrated Care Board,EMIS
G83015,ELTHAM PALACE PMS,U39263,ELTHAM PCN,72Q,E38000244,0.0,0.0,4.0,0.0,0.0,2.0,30.0,0.0,25.0,11.0,6431.0,1059.0,G83015,SE9 5DQ,U39263,QKK,NHS South East London Integrated Care Board,EMIS
G83016,ROYAL ARSENAL MEDICAL CENTRE,U11690,RIVERVIEW HEALTH PCN,72Q,E38000244,0.0,0.0,3.0,0.0,1.0,3.0,35.0,0.0,30.0,25.0,10627.0,1000.0,G83016,SE18 6TE,U11690,QKK,NHS South East London Integrated Care Board,EMIS
G83018,LAKESIDE MEDICAL,U67110,NORTH BEXLEY PCN,72Q,E38000244,0.0,0.0,26.0,2.0,9.0,3.0,110.0,0.0,77.0,64.0,17224.0,1933.0,G83018,SE2 9LH,U67110,QKK,NHS South East London Integrated Care Board,EMIS
G83019,PLUMSTEAD H/C PMS,U93499,UNITY (GREENWICH) PCN,72Q,E38000244,0.0,0.0,64.0,0.0,21.0,3.0,80.0,0.0,26.0,7.0,12865.0,2530.0,G83019,SE18 1BB,U93499,QKK,NHS South East London Integrated Care Board,EMIS
G83021,VANBRUGH GROUP PRACTICE,U00254,BLACKHEATH AND CHARLTON PCN,72Q,E38000244,0.0,0.0,16.0,0.0,2.0,1.0,30.0,0.0,31.0,25.0,16317.0,1642.0,G83021,SE10 9GB,U00254,QKK,NHS South East London Integrated Care Board,EMIS
G83024,INGLETON AVENUE SURGERY,U,Unallocated,72Q,E38000244,0.0,0.0,5.0,0.0,0.0,0.0,18.0,0.0,9.0,5.0,3973.0,913.0,G83024,DA16 2JZ,U,QKK,NHS South East London Integrated Care Board,Unknown
G83025,WELLING MEDICAL PRACTICE,U88820,CLOCKTOWER PCN,72Q,E38000244,0.0,0.0,22.0,0.0,17.0,1.0,87.0,0.0,78.0,39.0,8727.0,2425.0,G83025,DA16 2AT,U88820,QKK,NHS South East London Integrated Care Board,EMIS
G83026,TRIVENI PMS,U24992,HERITAGE PCN,72Q,E38000244,0.0,0.0,5.0,1.0,2.0,0.0,16.0,0.0,13.0,12.0,7481.0,671.0,G83026,SE18 5TE,U24992,QKK,NHS South East London Integrated Care Board,EMIS
G83027,EVEREST HEALTH PARTNERSHIP,U39263,ELTHAM PCN,72Q,E38000244,0.0,0.0,34.0,0.0,14.0,1.0,66.0,0.0,63.0,39.0,18214.0,2699.0,G83027,SE9 6ER,U39263,QKK,NHS South East London Integrated Care Board,EMIS
G83028,BEXLEY GROUP PRACTICE,U88820,CLOCKTOWER PCN,72Q,E38000244,0.0,0.0,18.0,2.0,5.0,1.0,58.0,0.0,40.0,15.0,12722.0,2018.0,G83028,DA16 3HQ,U88820,QKK,NHS South East London Integrated Care Board,EMIS
G83029,PLAS MEDDYG SURGERY,U07140,APL BEXLEY PCN,72Q,E38000244,0.0,0.0,15.0,3.0,2.0,3.0,61.0,0.0,45.0,5.0,5760.0,1593.0,G83029,DA5 1HU,U07140,QKK,NHS South East London Integrated Care Board,EMIS
G83030,ALL SAINTS MEDICAL CENTRE PMS,U93499,UNITY (GREENWICH) PCN,72Q,E38000244,0.0,0.0,15.0,0.0,0.0,1.0,18.0,0.0,14.0,10.0,5871.0,723.0,G83030,SE18 3PS,U93499,QKK,NHS South East London Integrated Care Board,EMIS
G83031,ABBEY WOOD SURGERY,U93499,UNITY (GREENWICH) PCN,72Q,E38000244,0.0,0.0,2.0,0.0,0.0,2.0,25.0,0.0,20.0,5.0,6030.0,1021.0,G83031,SE2 9AT,U93499,QKK,NHS South East London Integrated Care Board,EMIS
G83033,DR DAVIES & PARTNER,U88820,CLOCKTOWER PCN,72Q,E38000244,1.0,0.0,169.0,9.0,6.0,2.0,41.0,0.0,28.0,19.0,4174.0,1322.0,G83033,DA7 5HL,U88820,QKK,NHS South East London Integrated Care Board,EMIS
G83039,ST MARKS PMS,U11690,RIVERVIEW HEALTH PCN,72Q,E38000244,0.0,0.0,1.0,0.0,1.0,3.0,46.0,0.0,40.0,29.0,9375.0,1106.0,G83039,SE18 3EP,U11690,QKK,NHS South East London Integrated Care Board,EMIS
G83044,FAIRFIELD PMS,U00254,BLACKHEATH AND CHARLTON PCN,72Q,E38000244,0.0,0.0,29.0,0.0,14.0,0.0,30.0,1.0,21.0,11.0,11528.0,1395.0,G83044,SE7 8TX,U00254,QKK,NHS South East London Integrated Care Board,EMIS
G83046,BURSTED WOOD SURGERY,U07140,APL BEXLEY PCN,72Q,E38000244,0.0,0.0,20.0,0.0,4.0,0.0,36.0,0.0,29.0,11.0,5208.0,1185.0,G83046,DA7 6HZ,U07140,QKK,NHS South East London Integrated Care Board,EMIS
G83049,LYNDHURST ROAD MEDICAL CENTRE,U07140,APL BEXLEY PCN,72Q,E38000244,0.0,0.0,45.0,0.0,19.0,5.0,180.0,1.0,149.0,100.0,10197.0,2553.0,G83049,DA7 6DL,U07140,QKK,NHS South East London Integrated Care Board,EMIS
G83052,BELVEDERE MEDICAL CENTRE,U67110,NORTH BEXLEY PCN,72Q,E38000244,0.0,0.0,19.0,0.0,9.0,3.0,90.0,1.0,60.0,18.0,15326.0,2497.0,G83052,DA17 5LQ,U67110,QKK,NHS South East London Integrated Care Board,EMIS
G83053,BEXLEY MEDICAL GROUP,U67110,NORTH BEXLEY PCN,72Q,E38000244,0.0,0.0,71.0,0.0,27.0,3.0,139.0,4.0,131.0,52.0,18143.0,3196.0,G83053,DA7 5RB,U67110,QKK,NHS South East London Integrated Care Board,EMIS
G83057,WOODLANDS SURGERY,U50197,FROGNAL PCN,72Q,E38000244,0.0,0.0,29.0,0.0,17.0,2.0,85.0,2.0,57.0,15.0,9124.0,2379.0,G83057,DA15 8DF,U50197,QKK,NHS South East London Integrated Care Board,EMIS
G83058,PRIMECARE PMS (SOUTH STREET),U39263,ELTHAM PCN,72Q,E38000244,0.0,0.0,3.0,0.0,2.0,0.0,18.0,0.0,15.0,9.0,11117.0,944.0,G83058,SE10 8NT,U39263,QKK,NHS South East London Integrated Care Board,EMIS
G83060,GLYNDON PMS,U93499,UNITY (GREENWICH) PCN,72Q,E38000244,0.0,0.0,7.0,0.0,2.0,1.0,18.0,1.0,18.0,13.0,6524.0,822.0,G83060,SE18 7LU,U93499,QKK,NHS South East London Integrated Care Board,EMIS
G83062,SLADE GREEN MEDICAL CTR.,U67110,NORTH BEXLEY PCN,72Q,E38000244,0.0,0.0,17.0,0.0,8.0,6.0,24.0,0.0,25.0,6.0,10646.0,946.0,G83062,DA8 2HS,U67110,QKK,NHS South East London Integrated Care Board,EMIS
G83065,BURNEY STREET PMS,U46593,GREENWICH WEST PCN,72Q,E38000244,0.0,0.0,5.0,1.0,1.0,1.0,36.0,0.0,30.0,20.0,13843.0,1250.0,G83065,SE10 8EX,U46593,QKK,NHS South East London Integrated Care Board,EMIS
G83066,SIDCUP MEDICAL CENTRE,U50197,FROGNAL PCN,72Q,E38000244,0.0,0.0,53.0,0.0,29.0,5.0,513.0,0.0,148.0,16.0,24619.0,6050.0,G83066,DA14 6BU,U50197,QKK,NHS South East London Integrated Care Board,EMIS
G83067,VALENTINE HEALTH PARTNERSHIP,U94126,VALENTINE HEALTH PCN,72Q,E38000244,0.0,0.0,104.0,70.0,17.0,8.0,61.0,1.0,46.0,36.0,29435.0,2344.0,G83067,SE18 6PZ,U94126,QKK,NHS South East London Integrated Care Board,EMIS
G83628,NEW ELTHAM AND BLACKFEN MEDICAL CENTRE,U39263,ELTHAM PCN,72Q,E38000244,0.0,0.0,93.0,0.0,0.0,0.0,32.0,0.0,23.0,16.0,9402.0,1413.0,G83628,SE9 3PT,U39263,QKK,NHS South East London Integrated Care Board,EMIS
G83630,RIVERSIDE SURGERY,U67110,NORTH BEXLEY PCN,72Q,E38000244,1.0,0.0,12.0,3.0,3.0,3.0,42.0,1.0,30.0,9.0,11020.0,1421.0,G83630,DA8 1RQ,U67110,QKK,NHS South East London Integrated Care Board,EMIS
G83631,ABBEYSLADE PMS (DR CHAND),U24992,HERITAGE PCN,72Q,E38000244,0.0,0.0,2.0,0.0,1.0,2.0,15.0,0.0,10.0,9.0,4396.0,501.0,G83631,SE2 0ER,U24992,QKK,NHS South East London Integrated Care Board,EMIS
G83633,CONWAY PMS,U11690,RIVERVIEW HEALTH PCN,72Q,E38000244,0.0,0.0,11.0,0.0,3.0,0.0,8.0,0.0,6.0,*,4745.0,504.0,G83633,SE18 1AH,U11690,QKK,NHS South East London Integrated Care Board,EMIS
G83635,WAVERLEY PMS,U24992,HERITAGE PCN,72Q,E38000244,0.0,0.0,2.0,0.0,0.0,0.0,12.0,0.0,10.0,10.0,3812.0,712.0,G83635,SE18 7QU,U24992,QKK,NHS South East London Integrated Care Board,EMIS
G83641,PLUMBRIDGE MEDICAL CENTRE,U46593,GREENWICH WEST PCN,72Q,E38000244,0.0,0.0,1.0,0.0,0.0,1.0,10.0,0.0,11.0,9.0,3249.0,329.0,G83641,SE10 8PA,U46593,QKK,NHS South East London Integrated Care Board,EMIS
G83642,CRAYFORD TOWN SURGERY,U67110,NORTH BEXLEY PCN,72Q,E38000244,0.0,0.0,13.0,1.0,7.0,1.0,22.0,1.0,4.0,*,9253.0,1061.0,G83642,DA1 4ER,U67110,QKK,NHS South East London Integrated Care Board,EMIS
G83647,PLUMSTEAD AND WICKHAM LANE SURGERY,U24992,HERITAGE PCN,72Q,E38000244,0.0,0.0,11.0,0.0,4.0,1.0,25.0,0.0,20.0,7.0,7579.0,833.0,G83647,SE18 1SE,U24992,QKK,NHS South East London Integrated Care Board,EMIS
G83651,WOODLANDS SURGERY,U46593,GREENWICH WEST PCN,72Q,E38000244,0.0,0.0,4.0,1.0,1.0,0.0,22.0,0.0,16.0,5.0,5626.0,695.0,G83651,SE10 9UB,U46593,QKK,NHS South East London Integrated Care Board,EMIS
G83654,BANNOCKBURN SURGERY,U24992,HERITAGE PCN,72Q,E38000244,0.0,0.0,5.0,0.0,1.0,0.0,8.0,0.0,7.0,5.0,5156.0,525.0,G83654,SE18 1ES,U24992,QKK,NHS South East London Integrated Care Board,EMIS
G83673,ELMSTEAD MEDICAL CLINIC,U39263,ELTHAM PCN,72Q,E38000244,0.0,0.0,4.0,0.0,2.0,1.0,18.0,0.0,18.0,14.0,6228.0,707.0,G83673,SE9 3JD,U39263,QKK,NHS South East London Integrated Care Board,EMIS
G83680,ELTHAM MEDICAL PRACTICE,U39263,ELTHAM PCN,72Q,E38000244,0.0,0.0,33.0,0.0,6.0,0.0,146.0,1.0,101.0,68.0,21684.0,4352.0,G83680,SE9 5DQ,U39263,QKK,NHS South East London Integrated Care Board,EMIS
G84003,LINKS MEDICAL PRACTICE,U03551,"MOTTINGHAM, DOWNHAM & CHISLEHURST PCN",72Q,E38000244,0.0,0.0,29.0,0.0,8.0,7.0,51.0,1.0,53.0,45.0,10219.0,1676.0,G84003,BR1 4PX,U03551,QKK,NHS South East London Integrated Care Board,EMIS
G84004,STOCK HILL SURGERY,U77447,FIVE ELMS PCN,72Q,E38000244,0.0,0.0,26.0,2.0,15.0,3.0,120.0,0.0,80.0,56.0,6797.0,2689.0,G84004,TN16 3TJ,U77447,QKK,NHS South East London Integrated Care Board,EMIS
G84006,SUMMERCROFT SURGERY,U77447,FIVE ELMS PCN,72Q,E38000244,0.0,0.0,23.0,0.0,10.0,3.0,101.0,1.0,69.0,28.0,7128.0,2495.0,G84006,BR6 7AR,U77447,QKK,NHS South East London Integrated Care Board,EMIS
G84008,MANOR ROAD SURGERY,U36188,BECKENHAM PCN,72Q,E38000244,0.0,0.0,12.0,0.0,1.0,0.0,27.0,0.0,18.0,7.0,5138.0,1176.0,G84008,BR3 5LE,U36188,QKK,NHS South East London Integrated Care Board,EMIS
G84009,FAMILY SURGERY,U87524,ORPINGTON PCN,72Q,E38000244,0.0,0.0,35.0,1.0,9.0,1.0,47.0,0.0,46.0,33.0,3306.0,1003.0,G84009,BR6 6BG,U87524,QKK,NHS South East London Integrated Care Board,EMIS
G84010,THE CHISLEHURST PARTNERSHIP,U03551,"MOTTINGHAM, DOWNHAM & CHISLEHURST PCN",72Q,E38000244,0.0,0.0,53.0,1.0,16.0,4.0,207.0,2.0,154.0,122.0,18832.0,4769.0,G84010,BR7 5AQ,U03551,QKK,NHS South East London Integrated Care Board,EMIS
G84011,EDEN PARK SURGERY,U36188,BECKENHAM PCN,72Q,E38000244,0.0,0.0,11.0,0.0,3.0,4.0,50.0,0.0,45.0,32.0,6793.0,1510.0,G84011,BR3 4DQ,U36188,QKK,NHS South East London Integrated Care Board,EMIS
G84015,STATION ROAD SURGERY,U98580,HAYES WICK PCN,72Q,E38000244,0.0,0.0,11.0,0.0,5.0,2.0,86.0,0.0,70.0,38.0,7785.0,2775.0,G84015,BR4 0PU,U98580,QKK,NHS South East London Integrated Care Board,EMIS
G84017,ADDINGTON ROAD SURGERY,U98580,HAYES WICK PCN,72Q,E38000244,0.0,0.0,27.0,0.0,12.0,0.0,57.0,5.0,34.0,25.0,6653.0,2095.0,G84017,BR4 9BG,U98580,QKK,NHS South East London Integrated Care Board,EMIS
G84018,CORNERWAYS SURGERY,U36188,BECKENHAM PCN,72Q,E38000244,0.0,0.0,8.0,1.0,4.0,4.0,82.0,1.0,63.0,42.0,5660.0,1898.0,G84018,BR3 5LG,U36188,QKK,NHS South East London Integrated Care Board,EMIS
G84020,CHELSFIELD SURGERY,U87524,ORPINGTON PCN,72Q,E38000244,0.0,0.0,26.0,0.0,10.0,1.0,74.0,0.0,59.0,51.0,7037.0,2086.0,G84020,BR6 6HD,U87524,QKK,NHS South East London Integrated Care Board,EMIS
G84023,SOUTHBOROUGH LANE SURGERY,U77447,FIVE ELMS PCN,72Q,E38000244,0.0,0.0,25.0,0.0,7.0,2.0,86.0,3.0,57.0,28.0,8002.0,1989.0,G84023,BR2 9GT,U77447,QKK,NHS South East London Integrated Care Board,EMIS
G84024,BROMLEY COMMON PRACTICE,U77447,FIVE ELMS PCN,72Q,E38000244,0.0,0.0,25.0,3.0,9.0,6.0,54.0,2.0,32.0,18.0,8362.0,1411.0,G84024,BR2 9GT,U77447,QKK,NHS South East London Integrated Care Board,EMIS
G84027,ELM HOUSE SURGERY,U36188,BECKENHAM PCN,72Q,E38000244,0.0,0.0,34.0,1.0,13.0,5.0,199.0,0.0,60.0,28.0,28525.0,4465.0,G84027,BR3 3FD,U36188,QKK,NHS South East London Integrated Care Board,EMIS
G84028,ST JAMES' PRACTICE,U36188,BECKENHAM PCN,72Q,E38000244,0.0,0.0,1.0,0.0,1.0,6.0,73.0,0.0,64.0,39.0,5783.0,1342.0,G84028,BR3 4DG,U36188,QKK,NHS South East London Integrated Care Board,EMIS
G84030,FORGE CLOSE SURGERY,U98580,HAYES WICK PCN,72Q,E38000244,0.0,0.0,15.0,1.0,2.0,1.0,42.0,0.0,32.0,25.0,5466.0,1381.0,G84030,BR2 7LL,U98580,QKK,NHS South East London Integrated Care Board,EMIS
G84032,KNOLL MEDICAL PRACTICE,U87524,ORPINGTON PCN,72Q,E38000244,0.0,0.0,28.0,0.0,13.0,2.0,134.0,1.0,87.0,50.0,11418.0,2970.0,G84032,BR6 0FE,U87524,QKK,NHS South East London Integrated Care Board,EMIS
G84033,PICKHURST SURGERY,U98580,HAYES WICK PCN,72Q,E38000244,0.0,0.0,16.0,0.0,2.0,2.0,67.0,1.0,49.0,44.0,7066.0,1627.0,G84033,BR2 7JF,U98580,QKK,NHS South East London Integrated Care Board,EMIS
G84035,TUDOR WAY SURGERY,U87524,ORPINGTON PCN,72Q,E38000244,0.0,0.0,2.0,0.0,1.0,1.0,42.0,1.0,33.0,10.0,7052.0,1553.0,G84035,BR5 1LH,U87524,QKK,NHS South East London Integrated Care Board,EMIS
G84039,NORHEADS LANE SURGERY,U77447,FIVE ELMS PCN,72Q,E38000244,0.0,0.0,0.0,0.0,0.0,1.0,27.0,0.0,26.0,18.0,3141.0,663.0,G84039,TN16 3XS,U77447,QKK,NHS South East London Integrated Care Board,EMIS
G84040,BALLATER SURGERY,U87524,ORPINGTON PCN,72Q,E38000244,0.0,0.0,23.0,1.0,7.0,1.0,61.0,0.0,44.0,21.0,8947.0,1705.0,G84040,BR6 0DP,U87524,QKK,NHS South East London Integrated Care Board,EMIS
G84607,WICKHAM PARK SURGERY,U98580,HAYES WICK PCN,72Q,E38000244,0.0,0.0,11.0,0.0,6.0,2.0,50.0,0.0,40.0,30.0,4276.0,1161.0,G84607,BR4 9PS,U98580,QKK,NHS South East London Integrated Care Board,EMIS
G84609,BANK HOUSE SURGERY,U87524,ORPINGTON PCN,72Q,E38000244,0.0,0.0,17.0,0.0,6.0,0.0,23.0,0.0,21.0,16.0,2622.0,823.0,G84609,BR6 7BA,U87524,QKK,NHS South East London Integrated Care Board,EMIS
G84621,WHITEHOUSE SURGERY,U87524,ORPINGTON PCN,72Q,E38000244,0.0,0.0,11.0,1.0,5.0,0.0,24.0,2.0,16.0,9.0,3459.0,663.0,G84621,BR5 1EL,U87524,QKK,NHS South East London Integrated Care Board,EMIS
G84627,GREEN STREET GREEN MED CT,U87524,ORPINGTON PCN,72Q,E38000244,0.0,0.0,13.0,0.0,3.0,0.0,66.0,2.0,42.0,34.0,5285.0,1743.0,G84627,BR6 6BG,U87524,QKK,NHS South East London Integrated Care Board,EMIS
G85001,FOREST HILL GROUP PRACTICE,U60094,SOUTH SOUTHWARK PCN,72Q,E38000244,17.0,0.0,381.0,24.0,11.0,1.0,56.0,0.0,42.0,20.0,8621.0,1633.0,G85001,SE22 0SQ,U60094,QKK,NHS South East London Integrated Care Board,EMIS
G85002,STREATHAM HIGH PRACTICE,U18315,AT MEDICS STREATHAM PCN,72Q,E38000244,0.0,0.0,11.0,0.0,0.0,2.0,24.0,0.0,18.0,5.0,22666.0,1125.0,G85002,SW16 2ST,U18315,QKK,NHS South East London Integrated Care Board,EMIS
G85006,THE ACORN & GAUMONT HOUSE SURGERY,U60094,SOUTH SOUTHWARK PCN,72Q,E38000244,0.0,0.0,70.0,2.0,3.0,2.0,28.0,0.0,22.0,15.0,7848.0,1065.0,G85006,SE15 5SL,U60094,QKK,NHS South East London Integrated Care Board,EMIS
G85011,CLAPHAM FAMILY PRACTICE,U45098,CLAPHAM PCN,72Q,E38000244,0.0,0.0,25.0,0.0,10.0,2.0,45.0,0.0,32.0,23.0,18065.0,1364.0,G85011,SW4 7DB,U45098,QKK,NHS South East London Integrated Care Board,EMIS
G85013,CAMBERWELL GREEN SURGERY,U60094,SOUTH SOUTHWARK PCN,72Q,E38000244,0.0,0.0,78.0,7.0,10.0,2.0,27.0,0.0,24.0,18.0,7947.0,1145.0,G85013,SE5 7AF,U60094,QKK,NHS South East London Integrated Care Board,EMIS
G85014,STREATHAM COMMON PRACTICE,U99355,STREATHAM PCN,72Q,E38000244,0.0,0.0,24.0,1.0,9.0,3.0,68.0,1.0,58.0,47.0,10652.0,1518.0,G85014,SW16 3NP,U99355,QKK,NHS South East London Integrated Care Board,EMIS
G85015,THE QRP SURGERY,U53896,NORTH LEWISHAM PCN,72Q,E38000244,0.0,0.0,8.0,0.0,6.0,2.0,46.0,0.0,40.0,12.0,7576.0,1211.0,G85015,SE14 5HD,U53896,QKK,NHS South East London Integrated Care Board,EMIS
G85016,HERNE HILL GROUP PRACTICE,U39721,"HILLS, BROOKS & DALES GROUP PCN",72Q,E38000244,0.0,0.0,39.0,0.0,14.0,3.0,55.0,0.0,42.0,7.0,12963.0,1819.0,G85016,SE24 9QP,U39721,QKK,NHS South East London Integrated Care Board,EMIS
G85019,TRAFALGAR SURGERY,U06180,NORTH SOUTHWARK PCN,72Q,E38000244,0.0,0.0,5.0,0.0,0.0,0.0,6.0,0.0,5.0,5.0,2607.0,203.0,G85019,SE15 6NR,U06180,QKK,NHS South East London Integrated Care Board,EMIS
G85020,KINGFISHER MEDICAL CENTRE,U53896,NORTH LEWISHAM PCN,72Q,E38000244,0.0,0.0,13.0,1.0,2.0,1.0,18.0,0.0,17.0,12.0,14719.0,1053.0,G85020,SE8 5DA,U53896,QKK,NHS South East London Integrated Care Board,EMIS
G85021,PRENTIS MEDICAL CENTRE,U39721,"HILLS, BROOKS & DALES GROUP PCN",72Q,E38000244,0.0,0.0,17.0,0.0,5.0,11.0,41.0,0.0,42.0,30.0,4125.0,681.0,G85021,SW16 1XU,U39721,QKK,NHS South East London Integrated Care Board,EMIS
G85022,NORTH WOOD GROUP PRACTICE,U39721,"HILLS, BROOKS & DALES GROUP PCN",72Q,E38000244,0.0,0.0,35.0,0.0,12.0,5.0,104.0,2.0,63.0,46.0,13649.0,2150.0,G85022,SE19 3NY,U39721,QKK,NHS South East London Integrated Care Board,EMIS
G85023,LEWISHAM MEDICAL CENTRE,U21222,LEWISHAM ALLIANCE PCN,72Q,E38000244,0.0,0.0,17.0,0.0,7.0,3.0,44.0,0.0,36.0,23.0,12827.0,1147.0,G85023,SE13 5PJ,U21222,QKK,NHS South East London Integrated Care Board,EMIS
G85024,SYDENHAM GREEN GROUP PRACTICE,U23546,APLOS HEALTH PCN,72Q,E38000244,0.0,0.0,39.0,0.0,22.0,1.0,57.0,0.0,24.0,9.0,12279.0,2166.0,G85024,SE26 4TH,U23546,QKK,NHS South East London Integrated Care Board,EMIS
G85025,BRIXTON HILL GROUP PRACTICE,U39721,"HILLS, BROOKS & DALES GROUP PCN",72Q,E38000244,0.0,0.0,20.0,0.0,7.0,0.0,34.0,0.0,32.0,18.0,11915.0,925.0,G85025,SW2 1AE,U39721,QKK,NHS South East London Integrated Care Board,EMIS
G85026,CLIFTON RISE FAMILY PRACTICE,U53896,NORTH LEWISHAM PCN,72Q,E38000244,0.0,0.0,1.0,0.0,0.0,1.0,32.0,0.0,26.0,10.0,3634.0,673.0,G85026,SE8 4BG,U53896,QKK,NHS South East London Integrated Care Board,EMIS
G85028,STOCKWELL GROUP PRACTICE,U65434,STOCKWELLBEING PCN,72Q,E38000244,0.0,0.0,12.0,0.0,8.0,3.0,71.0,0.0,61.0,23.0,10912.0,1653.0,G85028,SW9 9TJ,U65434,QKK,NHS South East London Integrated Care Board,EMIS
G85029,FALMOUTH ROAD GROUP PRACTICE,U06180,NORTH SOUTHWARK PCN,72Q,E38000244,0.0,0.0,90.0,0.0,5.0,0.0,25.0,0.0,24.0,13.0,16045.0,898.0,G85029,SE1 4JW,U06180,QKK,NHS South East London Integrated Care Board,EMIS
G85030,PARKSIDE MEDICAL CENTRE,U60094,SOUTH SOUTHWARK PCN,72Q,E38000244,0.0,0.0,38.0,1.0,4.0,1.0,20.0,0.0,17.0,8.0,5354.0,647.0,G85030,SE5 7AQ,U60094,QKK,NHS South East London Integrated Care Board,EMIS
G85031,DMC CHADWICK ROAD,U60094,SOUTH SOUTHWARK PCN,72Q,E38000244,0.0,0.0,22.0,3.0,2.0,1.0,22.0,0.0,19.0,6.0,6081.0,750.0,G85031,SE15 4PU,U60094,QKK,NHS South East London Integrated Care Board,EMIS
G85032,TORRIDON ROAD MEDICAL PRACTICE,U58020,SEVENFIELDS PCN,72Q,E38000244,0.0,0.0,35.0,1.0,2.0,4.0,50.0,0.0,38.0,34.0,9983.0,1705.0,G85032,SE6 1RB,U58020,QKK,NHS South East London Integrated Care Board,EMIS
G85034,NEXUS HEALTH GROUP,U06180,NORTH SOUTHWARK PCN,72Q,E38000244,0.0,1.0,993.0,9.0,57.0,12.0,230.0,0.0,194.0,183.0,67595.0,7744.0,G85034,SE1 6JP,U06180,QKK,NHS South East London Integrated Care Board,EMIS
G85038,THE LEWISHAM CARE PARTNERSHIP,U11059,LEWISHAM CARE PARTNERSHIP PCN,72Q,E38000244,0.0,1.0,193.0,0.0,30.0,8.0,222.0,1.0,165.0,127.0,46134.0,5794.0,G85038,SE13 7SX,U11059,QKK,NHS South East London Integrated Care Board,EMIS
G85039,PAXTON GREEN GROUP PRACTICE,U60524,CROXTED PCN,72Q,E38000244,0.0,0.0,28.0,1.0,9.0,7.0,71.0,0.0,56.0,13.0,16888.0,2514.0,G85039,SE21 8AU,U60524,QKK,NHS South East London Integrated Care Board,EMIS
G85040,QUEENS ROAD SURGERY,U60094,SOUTH SOUTHWARK PCN,72Q,E38000244,0.0,0.0,66.0,10.0,4.0,1.0,34.0,0.0,24.0,10.0,12934.0,879.0,G85040,SE15 2UA,U60094,QKK,NHS South East London Integrated Care Board,EMIS
G85041,PALACE ROAD SURGERY,U99355,STREATHAM PCN,72Q,E38000244,0.0,0.0,8.0,0.0,4.0,0.0,35.0,0.0,25.0,11.0,7011.0,1037.0,G85041,SW2 3DY,U99355,QKK,NHS South East London Integrated Care Board,EMIS
G85042,ST GILES SURGERY,U60094,SOUTH SOUTHWARK PCN,72Q,E38000244,0.0,0.0,42.0,2.0,0.0,1.0,18.0,0.0,13.0,6.0,6125.0,600.0,G85042,SE5 7RF,U60094,QKK,NHS South East London Integrated Care Board,EMIS
G85044,VALLEY ROAD SURGERY,U99355,STREATHAM PCN,72Q,E38000244,0.0,0.0,21.0,0.0,5.0,0.0,22.0,0.0,20.0,11.0,4907.0,769.0,G85044,SW16 2XT,U99355,QKK,NHS South East London Integrated Care Board,EMIS
G85045,HETHERINGTON GROUP PRACTICE,U36779,BRIXTON AND CLAPHAM PARK PCN,72Q,E38000244,0.0,0.0,22.0,3.0,10.0,2.0,33.0,0.0,23.0,16.0,6849.0,1020.0,G85045,SW4 7NU,U36779,QKK,NHS South East London Integrated Care Board,EMIS
G85046,LEE ROAD SURGERY,U21222,LEWISHAM ALLIANCE PCN,72Q,E38000244,0.0,0.0,7.0,0.0,2.0,1.0,98.0,0.0,85.0,38.0,10238.0,1858.0,G85046,SE3 9RT,U21222,QKK,NHS South East London Integrated Care Board,EMIS
G85047,KNIGHTS HILL SURGERY SUITE 1,U39721,"HILLS, BROOKS & DALES GROUP PCN",72Q,E38000244,0.0,0.0,26.0,0.0,12.0,1.0,38.0,0.0,31.0,23.0,10465.0,824.0,G85047,SE27 0DF,U39721,QKK,NHS South East London Integrated Care Board,EMIS
G85051,ELM LODGE SURGERY,U60094,SOUTH SOUTHWARK PCN,72Q,E38000244,0.0,0.0,31.0,0.0,5.0,0.0,44.0,0.0,30.0,14.0,7757.0,1419.0,G85051,SE24 9HJ,U60094,QKK,NHS South East London Integrated Care Board,EMIS
G85052,OLD KENT ROAD SURGERY,U06180,NORTH SOUTHWARK PCN,72Q,E38000244,0.0,0.0,124.0,57.0,1.0,2.0,21.0,0.0,20.0,16.0,9629.0,699.0,G85052,SE1 5TY,U06180,QKK,NHS South East London Integrated Care Board,EMIS
G85053,HURLEY AND RIVERSIDE PRACTICES,U38045,NORTH LAMBETH PCN,72Q,E38000244,0.0,2.0,129.0,8.0,7.0,1.0,42.0,0.0,31.0,29.0,21224.0,1909.0,G85053,SE11 4HJ,U38045,QKK,NHS South East London Integrated Care Board,EMIS
G85054,LAMBETH WALK GROUP PRACTICE,U38045,NORTH LAMBETH PCN,72Q,E38000244,0.0,0.0,15.0,0.0,5.0,1.0,49.0,0.0,24.0,15.0,6126.0,1156.0,G85054,SW9 6AF,U38045,QKK,NHS South East London Integrated Care Board,EMIS
G85057,ASHDOWN MEDICAL GROUP,U58020,SEVENFIELDS PCN,72Q,E38000244,0.0,0.0,8.0,0.0,4.0,1.0,48.0,0.0,34.0,32.0,11034.0,1722.0,G85057,BR1 5EP,U58020,QKK,NHS South East London Integrated Care Board,EMIS
G85061,WOOLSTONE MEDICAL CENTRE,U23546,APLOS HEALTH PCN,72Q,E38000244,0.0,0.0,12.0,1.0,8.0,0.0,39.0,0.0,31.0,23.0,8579.0,1111.0,G85061,SE23 2SG,U23546,QKK,NHS South East London Integrated Care Board,EMIS
G85073,VASSALL MEDICAL CENTRE,U41041,FIVEWAYS PCN,72Q,E38000244,0.0,0.0,5.0,0.0,2.0,1.0,31.0,0.0,26.0,11.0,6526.0,740.0,G85073,SW9 6NA,U41041,QKK,NHS South East London Integrated Care Board,EMIS
G85076,NEW CROSS CENTRE (HURLEY GROUP),U53896,NORTH LEWISHAM PCN,72Q,E38000244,0.0,0.0,34.0,23.0,2.0,2.0,22.0,0.0,17.0,14.0,8644.0,812.0,G85076,SE14 6LD,U53896,QKK,NHS South East London Integrated Care Board,EMIS
G85083,SANDMERE PRACTICE,U45098,CLAPHAM PCN,72Q,E38000244,0.0,0.0,13.0,2.0,4.0,2.0,29.0,0.0,29.0,10.0,11344.0,1274.0,G85083,SW4 7QJ,U45098,QKK,NHS South East London Integrated Care Board,EMIS
G85084,PENROSE SURGERY,U06180,NORTH SOUTHWARK PCN,72Q,E38000244,0.0,0.0,31.0,0.0,9.0,3.0,35.0,0.0,26.0,13.0,14991.0,950.0,G85084,SE17 3DW,U06180,QKK,NHS South East London Integrated Care Board,EMIS
G85085,GROVE MEDICAL CENTRE,U53896,NORTH LEWISHAM PCN,72Q,E38000244,0.0,0.0,9.0,0.0,2.0,0.0,26.0,0.0,20.0,13.0,12362.0,779.0,G85085,SE8 3QH,U53896,QKK,NHS South East London Integrated Care Board,EMIS
G85086,THE SOUTH LAMBETH RD PRACTICE,U38045,NORTH LAMBETH PCN,72Q,E38000244,0.0,0.0,12.0,0.0,4.0,0.0,16.0,0.0,8.0,*,10191.0,815.0,G85086,SW8 1UL,U38045,QKK,NHS South East London Integrated Care Board,EMIS
G85087,SILVERLOCK MEDICAL CENTRE,U06180,NORTH SOUTHWARK PCN,72Q,E38000244,3.0,0.0,63.0,0.0,2.0,5.0,17.0,0.0,21.0,8.0,16259.0,967.0,G85087,SE16 3HA,U06180,QKK,NHS South East London Integrated Care Board,EMIS
G85091,THE THREE ZERO SIX MEDICAL CENTRE,U60094,SOUTH SOUTHWARK PCN,72Q,E38000244,0.0,0.0,53.0,1.0,8.0,1.0,15.0,0.0,10.0,10.0,6246.0,496.0,G85091,SE22 8LY,U60094,QKK,NHS South East London Integrated Care Board,EMIS
G85096,THE VALE SURGERY,U99355,STREATHAM PCN,72Q,E38000244,0.0,0.0,143.0,1.0,2.0,1.0,52.0,0.0,37.0,31.0,9459.0,1119.0,G85096,SW16 5SE,U99355,QKK,NHS South East London Integrated Care Board,EMIS
G85100,BECKETT HOUSE PRACTICE,U65434,STOCKWELLBEING PCN,72Q,E38000244,0.0,0.0,21.0,1.0,8.0,0.0,23.0,0.0,17.0,17.0,7935.0,594.0,G85100,SW9 9DL,U65434,QKK,NHS South East London Integrated Care Board,EMIS
G85102,GRAY'S INN MEDICAL GROUP VAUXHALL,U38045,NORTH LAMBETH PCN,72Q,E38000244,2.0,0.0,20.0,6.0,3.0,1.0,15.0,0.0,11.0,7.0,8995.0,510.0,G85102,SE11 5NH,U38045,QKK,NHS South East London Integrated Care Board,EMIS
G85104,ICO HEALTH GROUP,U42936,RAVENSBOURNE PCN LTD,72Q,E38000244,0.0,0.0,3.0,0.0,0.0,1.0,40.0,2.0,26.0,*,8507.0,1515.0,G85104,BR1 5EP,U42936,QKK,NHS South East London Integrated Care Board,EMIS
G85105,VESTA ROAD SURGERY,U53896,NORTH LEWISHAM PCN,72Q,E38000244,0.0,0.0,35.0,1.0,1.0,0.0,11.0,0.0,9.0,7.0,6098.0,524.0,G85105,SE4 2NH,U53896,QKK,NHS South East London Integrated Care Board,EMIS
G85109,CLAPHAM PARK GROUP PRACTICE,U36779,BRIXTON AND CLAPHAM PARK PCN,72Q,E38000244,0.0,0.0,33.0,1.0,13.0,3.0,49.0,0.0,35.0,29.0,19740.0,1511.0,G85109,SW4 8JP,U36779,QKK,NHS South East London Integrated Care Board,EMIS
G85114,WELLS PARK PRACTICE,U23546,APLOS HEALTH PCN,72Q,E38000244,0.0,0.0,14.0,0.0,0.0,7.0,48.0,0.0,47.0,17.0,11570.0,1437.0,G85114,SE26 6JQ,U23546,QKK,NHS South East London Integrated Care Board,EMIS
G85119,STERNHALL LANE SURGERY,U60094,SOUTH SOUTHWARK PCN,72Q,E38000244,0.0,0.0,22.0,0.0,5.0,1.0,32.0,1.0,26.0,18.0,5796.0,637.0,G85119,SE15 4NT,U60094,QKK,NHS South East London Integrated Care Board,EMIS
G85120,TRIANGLE GROUP PRACTICE,U21222,LEWISHAM ALLIANCE PCN,72Q,E38000244,0.0,0.0,1.0,0.0,0.0,3.0,28.0,0.0,31.0,27.0,5627.0,891.0,G85120,SE13 6DQ,U21222,QKK,NHS South East London Integrated Care Board,EMIS
G85121,PARKVIEW SURGERY,U58020,SEVENFIELDS PCN,72Q,E38000244,0.0,1.0,21.0,0.0,4.0,6.0,76.0,3.0,58.0,43.0,9283.0,783.0,G85121,SE6 1AT,U58020,QKK,NHS South East London Integrated Care Board,EMIS
G85123,BINFIELD ROAD SURGERY,U65434,STOCKWELLBEING PCN,72Q,E38000244,0.0,0.0,23.0,0.0,11.0,0.0,35.0,0.0,28.0,13.0,9193.0,865.0,G85123,SW4 6TB,U65434,QKK,NHS South East London Integrated Care Board,EMIS
G85125,PARK MEDICAL CENTRE,U06180,NORTH SOUTHWARK PCN,72Q,E38000244,0.0,0.0,31.0,0.0,6.0,0.0,25.0,0.0,13.0,11.0,5358.0,751.0,G85125,SE16 2PE,U06180,QKK,NHS South East London Integrated Care Board,EMIS
G85127,THE CORNER SURGERY,U41041,FIVEWAYS PCN,72Q,E38000244,0.0,0.0,5.0,0.0,2.0,1.0,19.0,0.0,13.0,7.0,5931.0,475.0,G85127,SE5 9NS,U41041,QKK,NHS South East London Integrated Care Board,EMIS
G85129,THE DEERBROOK SURGERY,U41041,FIVEWAYS PCN,72Q,E38000244,0.0,0.0,12.0,0.0,6.0,0.0,16.0,0.0,13.0,11.0,7131.0,503.0,G85129,SE27 9AW,U41041,QKK,NHS South East London Integrated Care Board,EMIS
G85130,MAWBEY GROUP PRACTICE,U38045,NORTH LAMBETH PCN,72Q,E38000244,0.0,0.0,21.0,1.0,3.0,4.0,44.0,0.0,31.0,23.0,9162.0,979.0,G85130,SW8 2UD,U38045,QKK,NHS South East London Integrated Care Board,EMIS
G85132,TESSA JOWELL GP SURGERY,U60094,SOUTH SOUTHWARK PCN,72Q,E38000244,0.0,0.0,118.0,0.0,9.0,3.0,25.0,1.0,18.0,5.0,14304.0,1277.0,G85132,SE22 8EY,U60094,QKK,NHS South East London Integrated Care Board,EMIS
G85134,THE LISTER PRIMARY CARE CENTRE,U60094,SOUTH SOUTHWARK PCN,72Q,E38000244,0.0,0.0,182.0,24.0,0.0,2.0,20.0,0.0,19.0,10.0,8032.0,841.0,G85134,SE15 5LJ,U60094,QKK,NHS South East London Integrated Care Board,EMIS
G85135,MINET GREEN HEALTH PRACTICE,U41041,FIVEWAYS PCN,72Q,E38000244,0.0,0.0,19.0,1.0,8.0,3.0,61.0,2.0,41.0,31.0,10312.0,1381.0,G85135,SW9 6AF,U41041,QKK,NHS South East London Integrated Care Board,EMIS
G85136,WATERLOO HEALTH CENTRE,U38045,NORTH LAMBETH PCN,72Q,E38000244,0.0,0.0,15.0,4.0,6.0,1.0,31.0,0.0,22.0,17.0,14252.0,1116.0,G85136,SE1 7AE,U38045,QKK,NHS South East London Integrated Care Board,EMIS
G85137,BROCKWELL PARK SURGERY,U60524,CROXTED PCN,72Q,E38000244,0.0,0.0,5.0,0.0,1.0,0.0,24.0,0.0,20.0,16.0,8002.0,717.0,G85137,SE24 9AE,U60524,QKK,NHS South East London Integrated Care Board,EMIS
G85138,ALBION STREET GROUP PRACTICE,U06180,NORTH SOUTHWARK PCN,72Q,E38000244,0.0,0.0,28.0,0.0,7.0,5.0,42.0,0.0,23.0,14.0,13554.0,1303.0,G85138,SE16 7JX,U06180,QKK,NHS South East London Integrated Care Board,EMIS
G85623,BERMONDSEY SPA MEDICAL CENTRE,U06180,NORTH SOUTHWARK PCN,72Q,E38000244,0.0,0.0,7.0,0.0,0.0,1.0,22.0,0.0,20.0,10.0,9910.0,951.0,G85623,SE16 4BL,U06180,QKK,NHS South East London Integrated Care Board,EMIS
G85632,THE VILLA STREET MEDICAL CENTRE,U06180,NORTH SOUTHWARK PCN,72Q,E38000244,0.0,0.0,52.0,2.0,5.0,2.0,29.0,0.0,25.0,18.0,8506.0,650.0,G85632,SE17 2EL,U06180,QKK,NHS South East London Integrated Care Board,EMIS
G85633,NOVUM HEALTH PARTNERSHIP,U42936,RAVENSBOURNE PCN LTD,72Q,E38000244,0.0,0.0,17.0,3.0,7.0,5.0,83.0,0.0,52.0,40.0,18155.0,2262.0,G85633,SE6 4JH,U42936,QKK,NHS South East London Integrated Care Board,EMIS
G85642,BLACKFRIARS MEDICAL PRACTICE,U06180,NORTH SOUTHWARK PCN,72Q,E38000244,0.0,0.0,63.0,14.0,17.0,1.0,28.0,0.0,22.0,18.0,8741.0,807.0,G85642,SE1 8EE,U06180,QKK,NHS South East London Integrated Care Board,EMIS
G85644,THE GARDENS SURGERY,U60094,SOUTH SOUTHWARK PCN,72Q,E38000244,0.0,0.0,30.0,1.0,4.0,0.0,22.0,0.0,12.0,7.0,5467.0,750.0,G85644,SE22 9QU,U60094,QKK,NHS South East London Integrated Care Board,EMIS
G85647,THE EXCHANGE SURGERY,U99355,STREATHAM PCN,72Q,E38000244,0.0,0.0,15.0,0.0,3.0,1.0,25.0,0.0,25.0,25.0,6882.0,709.0,G85647,SW16 2ST,U99355,QKK,NHS South East London Integrated Care Board,EMIS
G85651,THE DULWICH MEDICAL CENTRE,U60094,SOUTH SOUTHWARK PCN,72Q,E38000244,0.0,0.0,14.0,0.0,4.0,0.0,22.0,1.0,8.0,*,6178.0,692.0,G85651,SE22 9EP,U60094,QKK,NHS South East London Integrated Care Board,EMIS
G85662,THE STREATHAM HILL GROUP PRACTICE,U99355,STREATHAM PCN,72Q,E38000244,0.0,0.0,11.0,0.0,8.0,1.0,27.0,0.0,22.0,6.0,6462.0,970.0,G85662,SW16 2PG,U99355,QKK,NHS South East London Integrated Care Board,EMIS
G85673,SPRINGFIELD MEDICAL CENTRE,U65434,STOCKWELLBEING PCN,72Q,E38000244,0.0,0.0,7.0,0.0,2.0,1.0,11.0,0.0,12.0,10.0,6479.0,469.0,G85673,SW8 2SH,U65434,QKK,NHS South East London Integrated Care Board,EMIS
G85674,GRAFTON SQUARE SURGERY,U45098,CLAPHAM PCN,72Q,E38000244,0.0,0.0,2.0,0.0,2.0,0.0,11.0,0.0,4.0,*,6844.0,394.0,G85674,SW4 0DE,U45098,QKK,NHS South East London Integrated Care Board,EMIS
G85681,THE LORDSHIP LANE SURGERY,U60094,SOUTH SOUTHWARK PCN,72Q,E38000244,0.0,0.0,28.0,2.0,0.0,2.0,14.0,1.0,10.0,*,4223.0,519.0,G85681,SE22 8JN,U60094,QKK,NHS South East London Integrated Care Board,EMIS
G85685,THE NUNHEAD SURGERY,U60094,SOUTH SOUTHWARK PCN,72Q,E38000244,0.0,0.0,34.0,0.0,4.0,4.0,45.0,1.0,29.0,23.0,8274.0,1124.0,G85685,SE15 3LY,U60094,QKK,NHS South East London Integrated Care Board,EMIS
G85690,HERNE HILL ROAD MEDICAL PRACTICE,U41041,FIVEWAYS PCN,72Q,E38000244,0.0,0.0,10.0,0.0,4.0,1.0,17.0,0.0,12.0,7.0,6627.0,546.0,G85690,SE24 0AU,U41041,QKK,NHS South East London Integrated Care Board,EMIS
G85695,AKERMAN MEDICAL PRACTICE,U39721,"HILLS, BROOKS & DALES GROUP PCN",72Q,E38000244,2.0,1.0,35.0,8.0,8.0,1.0,171.0,0.0,121.0,79.0,6393.0,701.0,G85695,SW9 6AF,U39721,QKK,NHS South East London Integrated Care Board,EMIS
G85696,VALE MEDICAL CENTRE,U23546,APLOS HEALTH PCN,72Q,E38000244,0.0,0.0,2.0,0.0,0.0,2.0,72.0,0.0,49.0,16.0,16373.0,1184.0,G85696,SE23 2JF,U23546,QKK,NHS South East London Integrated Care Board,EMIS
G85698,AMERSHAM VALE TRAINING PRACTICE,U53896,NORTH LEWISHAM PCN,72Q,E38000244,0.0,0.0,30.0,8.0,11.0,2.0,26.0,0.0,26.0,21.0,15175.0,858.0,G85698,SE14 6LD,U53896,QKK,NHS South East London Integrated Care Board,EMIS
G85706,THE OLD DAIRY HEALTH CENTRE,U60524,CROXTED PCN,72Q,E38000244,0.0,1.0,23.0,1.0,8.0,0.0,27.0,0.0,20.0,5.0,5185.0,803.0,G85706,SE21 8SZ,U60524,QKK,NHS South East London Integrated Care Board,EMIS
G85708,DR CURRAN & PARTNERS,U45098,CLAPHAM PCN,72Q,E38000244,0.0,0.0,10.0,0.0,4.0,1.0,30.0,0.0,17.0,7.0,9401.0,825.0,G85708,SW4 6EB,U45098,QKK,NHS South East London Integrated Care Board,EMIS
G85711,DEPTFORD SURGERY,U53896,NORTH LEWISHAM PCN,72Q,E38000244,0.0,0.0,7.0,1.0,1.0,0.0,11.0,0.0,9.0,6.0,11021.0,435.0,G85711,SE14 6TJ,U53896,QKK,NHS South East London Integrated Care Board,EMIS
G85715,THE LISTER PRACTICE,U60094,SOUTH SOUTHWARK PCN,72Q,E38000244,0.0,0.0,139.0,14.0,5.0,5.0,26.0,0.0,23.0,8.0,10550.0,978.0,G85715,SE15 5LJ,U60094,QKK,NHS South East London Integrated Care Board,EMIS
G85716,OAKVIEW FAMILY PRACTICE,U58020,SEVENFIELDS PCN,72Q,E38000244,0.0,0.0,5.0,0.0,2.0,0.0,18.0,0.0,13.0,9.0,5885.0,526.0,G85716,BR1 5NJ,U58020,QKK,NHS South East London Integrated Care Board,EMIS
G85721,EAST STREET,U06180,NORTH SOUTHWARK PCN,72Q,E38000244,0.0,0.0,33.0,0.0,4.0,2.0,25.0,0.0,25.0,21.0,5975.0,663.0,G85721,SE17 2GN,U06180,QKK,NHS South East London Integrated Care Board,EMIS
G85722,WOODLANDS HEALTH CENTRE,U21222,LEWISHAM ALLIANCE PCN,72Q,E38000244,0.0,0.0,22.0,11.0,0.0,3.0,25.0,0.0,26.0,16.0,10680.0,739.0,G85722,SE13 6RN,U21222,QKK,NHS South East London Integrated Care Board,EMIS
G85724,EDITH CAVELL PRACTICE,U18315,AT MEDICS STREATHAM PCN,72Q,E38000244,0.0,0.0,21.0,0.0,1.0,2.0,33.0,0.0,24.0,6.0,18452.0,1139.0,G85724,SW2 4TP,U18315,QKK,NHS South East London Integrated Care Board,EMIS
G85726,BRUNSWICK PARK FAMILY PRACTICE,U60094,SOUTH SOUTHWARK PCN,72Q,E38000244,0.0,0.0,43.0,0.0,3.0,0.0,22.0,0.0,15.0,14.0,6746.0,782.0,G85726,SE5 7RF,U60094,QKK,NHS South East London Integrated Care Board,EMIS
G85727,NIGHTINGALE SURGERY,U21222,LEWISHAM ALLIANCE PCN,72Q,E38000244,0.0,0.0,12.0,0.0,5.0,3.0,23.0,0.0,18.0,14.0,6709.0,673.0,G85727,SE12 8NP,U21222,QKK,NHS South East London Integrated Care Board,EMIS
G85736,DEPTFORD MEDICAL CENTRE,U53896,NORTH LEWISHAM PCN,72Q,E38000244,0.0,0.0,19.0,2.0,6.0,2.0,10.0,0.0,7.0,6.0,4047.0,368.0,G85736,SE14 6TG,U53896,QKK,NHS South East London Integrated Care Board,EMIS
H83001,PORTLAND MEDICAL CENTRE,U44012,KESTON MOORINGS & PARKSIDE PCN,36L,E38000245,0.0,0.0,9.0,0.0,3.0,3.0,93.0,0.0,67.0,47.0,13585.0,1573.0,H83001,SE25 4QB,U44012,QWE,NHS South West London Integrated Care Board,EMIS
H83004,FARLEY ROAD MEDICAL PRACTICE,U52199,SELSDON ADDINGTON & SHIRLEY PCN,36L,E38000245,0.0,0.0,5.0,0.0,2.0,3.0,91.0,0.0,71.0,65.0,9147.0,2634.0,H83004,CR2 7NG,U52199,QWE,NHS South West London Integrated Care Board,EMIS
H83005,UPPER NORWOOD GROUP PRACTICE,U33024,ONE THORNTON HEATH PCN,36L,E38000245,0.0,0.0,7.0,5.0,1.0,3.0,38.0,0.0,32.0,20.0,13484.0,1277.0,H83005,SE19 2NT,U33024,QWE,NHS South West London Integrated Care Board,EMIS
H83006,NEW ADDINGTON GROUP PRACTICE,U30526,MAYDAY SOUTH PCN,36L,E38000245,0.0,0.0,33.0,0.0,11.0,3.0,72.0,0.0,57.0,12.0,10794.0,1230.0,H83006,CR0 0JA,U30526,QWE,NHS South West London Integrated Care Board,EMIS
H83007,VIOLET LANE MEDICAL PRACTICE,U09071,GPNET5 PCN,36L,E38000245,0.0,0.0,1.0,0.0,1.0,3.0,94.0,0.0,54.0,31.0,9244.0,1312.0,H83007,CR0 4HN,U09071,QWE,NHS South West London Integrated Care Board,EMIS
H83008,NORTHWAY ROAD SURGERY,U74798,CROYDON GP SUPER NETWORK PCN,36L,E38000245,0.0,0.0,0.0,0.0,0.0,0.0,14.0,0.0,7.0,7.0,3540.0,543.0,H83008,CR0 6JJ,U74798,QWE,NHS South West London Integrated Care Board,EMIS
H83009,NORBURY MEDICAL PRACTICE,U85744,PRIMARY CARE NORTH CROYDON PCN,36L,E38000245,0.0,0.0,1.0,0.0,0.0,3.0,102.0,0.0,75.0,67.0,9041.0,1573.0,H83009,SW16 4NL,U85744,QWE,NHS South West London Integrated Care Board,EMIS
H83010,SOUTH NORWOOD HILL MEDICAL CENTRE,U33024,ONE THORNTON HEATH PCN,36L,E38000245,0.0,0.0,1.0,0.0,0.0,2.0,28.0,0.0,25.0,17.0,5749.0,945.0,H83010,SE25 6BY,U33024,QWE,NHS South West London Integrated Care Board,EMIS
H83011,NORTH CROYDON MEDICAL CENTRE,U30526,MAYDAY SOUTH PCN,36L,E38000245,0.0,0.0,3.0,0.0,2.0,6.0,63.0,0.0,55.0,46.0,7187.0,737.0,H83011,CR7 7HQ,U30526,QWE,NHS South West London Integrated Care Board,EMIS
H83012,ST JAMES MEDICAL CENTRE,U92836,CROYDON LINK PCN,36L,E38000245,0.0,0.0,10.0,0.0,1.0,4.0,45.0,0.0,30.0,16.0,8263.0,1024.0,H83012,CR0 2BZ,U92836,QWE,NHS South West London Integrated Care Board,EMIS
H83013,OLD COULSDON MEDICAL PRACTICE,U38734,SELSDON PURLEY & COULSDON HEALTH PCN,36L,E38000245,0.0,0.0,48.0,0.0,26.0,3.0,133.0,1.0,109.0,73.0,16082.0,3316.0,H83013,CR5 1HF,U38734,QWE,NHS South West London Integrated Care Board,EMIS
H83014,QUEENHILL MEDICAL PRACTICE,U52199,SELSDON ADDINGTON & SHIRLEY PCN,36L,E38000245,0.0,0.0,14.0,0.0,2.0,2.0,89.0,0.0,78.0,49.0,5133.0,1744.0,H83014,CR2 8DU,U52199,QWE,NHS South West London Integrated Care Board,EMIS
H83015,PARKSIDE GROUP PRACTICE,U44012,KESTON MOORINGS & PARKSIDE PCN,36L,E38000245,0.0,0.0,17.0,0.0,5.0,7.0,92.0,0.0,49.0,29.0,11653.0,2049.0,H83015,CR2 6EX,U44012,QWE,NHS South West London Integrated Care Board,EMIS
H83016,KESTON MEDICAL PRACTICE,U44012,KESTON MOORINGS & PARKSIDE PCN,36L,E38000245,0.0,0.0,19.0,0.0,6.0,10.0,322.0,2.0,209.0,88.0,20742.0,3984.0,H83016,CR8 2YL,U44012,QWE,NHS South West London Integrated Care Board,EMIS
H83017,BRIGSTOCK MEDICAL PRACTICE,U74798,CROYDON GP SUPER NETWORK PCN,36L,E38000245,0.0,0.0,45.0,1.0,19.0,3.0,113.0,0.0,88.0,77.0,11356.0,1935.0,H83017,CR7 7JN,U74798,QWE,NHS South West London Integrated Care Board,EMIS
H83018,SELSDON PARK MEDICAL PRACTICE,U38734,SELSDON PURLEY & COULSDON HEALTH PCN,36L,E38000245,0.0,0.0,41.0,0.0,21.0,9.0,152.0,8.0,136.0,27.0,14255.0,3436.0,H83018,CR2 8LG,U38734,QWE,NHS South West London Integrated Care Board,EMIS
H83019,FRIENDS ROAD MEDICAL PRACTICE,U09071,GPNET5 PCN,36L,E38000245,0.0,0.0,9.0,0.0,4.0,0.0,46.0,0.0,36.0,29.0,6436.0,1107.0,H83019,CR0 1ED,U09071,QWE,NHS South West London Integrated Care Board,EMIS
H83020,EVERSLEY MEDICAL CENTRE,U30526,MAYDAY SOUTH PCN,36L,E38000245,0.0,0.0,9.0,1.0,5.0,1.0,54.0,0.0,45.0,12.0,8862.0,1301.0,H83020,CR7 6AR,U30526,QWE,NHS South West London Integrated Care Board,EMIS
H83021,LONDON ROAD MEDICAL PRACTICE,U30526,MAYDAY SOUTH PCN,36L,E38000245,0.0,0.0,3.0,2.0,0.0,3.0,34.0,0.0,32.0,27.0,4895.0,945.0,H83021,CR7 6AR,U30526,QWE,NHS South West London Integrated Care Board,EMIS
H83022,THORNTON HEATH MEDICAL CENTRE,U33024,ONE THORNTON HEATH PCN,36L,E38000245,0.0,0.0,10.0,1.0,6.0,4.0,52.0,0.0,41.0,37.0,4875.0,1001.0,H83022,CR7 8RL,U33024,QWE,NHS South West London Integrated Care Board,EMIS
H83023,MORLAND ROAD SURGERY,U74798,CROYDON GP SUPER NETWORK PCN,36L,E38000245,0.0,5.0,5.0,4.0,0.0,3.0,52.0,0.0,40.0,7.0,5518.0,941.0,H83023,CR0 6HA,U74798,QWE,NHS South West London Integrated Care Board,EMIS
H83024,WOODCOTE MEDICAL,U38734,SELSDON PURLEY & COULSDON HEALTH PCN,36L,E38000245,0.0,0.0,34.0,4.0,15.0,15.0,195.0,3.0,152.0,90.0,14419.0,3310.0,H83024,CR8 3EE,U38734,QWE,NHS South West London Integrated Care Board,EMIS
H83028,ADDINGTON MEDICAL PRACTICE,U52199,SELSDON ADDINGTON & SHIRLEY PCN,36L,E38000245,0.0,0.0,14.0,0.0,5.0,7.0,58.0,0.0,48.0,40.0,8301.0,1445.0,H83028,CR0 0JA,U52199,QWE,NHS South West London Integrated Care Board,EMIS
H83029,HARTLAND WAY SURGERY,U74798,CROYDON GP SUPER NETWORK PCN,36L,E38000245,0.0,0.0,7.0,0.0,2.0,0.0,37.0,1.0,25.0,10.0,3573.0,1321.0,H83029,CR0 8RG,U74798,QWE,NHS South West London Integrated Care Board,EMIS
H83030,BROOM ROAD MEDICAL PRACTICE,U52199,SELSDON ADDINGTON & SHIRLEY PCN,36L,E38000245,0.0,0.0,4.0,0.0,2.0,1.0,55.0,0.0,27.0,19.0,2786.0,469.0,H83030,CR0 8NG,U52199,QWE,NHS South West London Integrated Care Board,EMIS
H83031,HALING PARK MEDICAL PRACTICE,U09071,GPNET5 PCN,36L,E38000245,0.0,0.0,3.0,0.0,1.0,0.0,29.0,0.0,21.0,17.0,3140.0,499.0,H83031,CR2 6AD,U09071,QWE,NHS South West London Integrated Care Board,EMIS
H83033,ASHBURTON PARK MEDICAL CENTRE,U74798,CROYDON GP SUPER NETWORK PCN,36L,E38000245,0.0,8.0,17.0,8.0,7.0,3.0,28.0,0.0,19.0,11.0,4097.0,507.0,H83033,CR0 7AG,U74798,QWE,NHS South West London Integrated Care Board,EMIS
H83034,WHITEHORSE PRACTICE,U74798,CROYDON GP SUPER NETWORK PCN,36L,E38000245,0.0,0.0,47.0,40.0,2.0,2.0,24.0,0.0,26.0,5.0,6233.0,785.0,H83034,CR0 2JJ,U74798,QWE,NHS South West London Integrated Care Board,EMIS
H83037,AUCKLAND SURGERY,U33024,ONE THORNTON HEATH PCN,36L,E38000245,0.0,0.0,14.0,0.0,8.0,3.0,121.0,0.0,66.0,39.0,6457.0,1109.0,H83037,SE19 2DF,U33024,QWE,NHS South West London Integrated Care Board,EMIS
H83039,STOVELL HOUSE SURGERY,U09071,GPNET5 PCN,36L,E38000245,0.0,0.0,6.0,0.0,1.0,0.0,47.0,1.0,31.0,29.0,6904.0,1438.0,H83039,CR0 6AH,U09071,QWE,NHS South West London Integrated Care Board,EMIS
H83042,LEANDER FAMILY PRACTICE,U85744,PRIMARY CARE NORTH CROYDON PCN,36L,E38000245,0.0,0.0,6.0,0.0,2.0,3.0,63.0,0.0,52.0,35.0,8175.0,1143.0,H83042,CR7 6JE,U85744,QWE,NHS South West London Integrated Care Board,EMIS
H83043,SHIRLEY MEDICAL CENTRE,U74798,CROYDON GP SUPER NETWORK PCN,36L,E38000245,0.0,0.0,13.0,0.0,6.0,0.0,75.0,0.0,45.0,7.0,5552.0,1882.0,H83043,CR0 8BH,U74798,QWE,NHS South West London Integrated Care Board,EMIS
H83044,EAST CROYDON MEDICAL CENTRE,U92836,CROYDON LINK PCN,36L,E38000245,0.0,0.0,25.0,0.0,8.0,5.0,120.0,1.0,96.0,53.0,23263.0,2387.0,H83044,CR0 6SD,U92836,QWE,NHS South West London Integrated Care Board,EMIS
H83049,HEADLEY DRIVE SURGERY,U30526,MAYDAY SOUTH PCN,36L,E38000245,0.0,0.0,11.0,0.0,3.0,2.0,8.0,0.0,8.0,*,2425.0,301.0,H83049,CR0 0QL,U30526,QWE,NHS South West London Integrated Care Board,EMIS
H83051,THORNTON ROAD & VALLEY PARK SURGERY,U30526,MAYDAY SOUTH PCN,36L,E38000245,0.0,0.0,6.0,0.0,1.0,2.0,34.0,0.0,28.0,9.0,19166.0,1168.0,H83051,CR0 4YD,U30526,QWE,NHS South West London Integrated Care Board,EMIS
H83052,BRAMLEY AVENUE SURGERY,U38734,SELSDON PURLEY & COULSDON HEALTH PCN,36L,E38000245,0.0,0.0,11.0,0.0,6.0,0.0,22.0,0.0,20.0,*,2233.0,626.0,H83052,CR5 2DR,U38734,QWE,NHS South West London Integrated Care Board,EMIS
H83053,PARCHMORE MEDICAL CENTRE,U33024,ONE THORNTON HEATH PCN,36L,E38000245,0.0,0.0,25.0,0.0,10.0,4.0,91.0,1.0,63.0,32.0,12361.0,1992.0,H83053,CR7 8LY,U33024,QWE,NHS South West London Integrated Care Board,EMIS
H83608,YOUR FAMILY PRACTICE,U85744,PRIMARY CARE NORTH CROYDON PCN,36L,E38000245,0.0,0.0,14.0,1.0,5.0,4.0,43.0,0.0,32.0,14.0,10340.0,1109.0,H83608,CR7 7JH,U85744,QWE,NHS South West London Integrated Care Board,EMIS
H83609,MERSHAM MEDICAL CENTRE,U33024,ONE THORNTON HEATH PCN,36L,E38000245,0.0,0.0,6.0,1.0,2.0,0.0,31.0,0.0,29.0,17.0,4356.0,656.0,H83609,CR7 8JN,U33024,QWE,NHS South West London Integrated Care Board,EMIS
H83611,SELHURST MEDICAL CENTRE,U74798,CROYDON GP SUPER NETWORK PCN,36L,E38000245,0.0,0.0,6.0,0.0,2.0,1.0,25.0,0.0,13.0,*,5607.0,442.0,H83611,SE25 5QA,U74798,QWE,NHS South West London Integrated Care Board,EMIS
H83624,FAIRVIEW MEDICAL CENTRE,U85744,PRIMARY CARE NORTH CROYDON PCN,36L,E38000245,0.0,0.0,8.0,0.0,5.0,2.0,59.0,0.0,43.0,36.0,7368.0,1086.0,H83624,SW16 5PX,U85744,QWE,NHS South West London Integrated Care Board,EMIS
H83627,BIRDHURST MEDICAL PRACTICE,U09071,GPNET5 PCN,36L,E38000245,0.0,0.0,3.0,0.0,1.0,8.0,141.0,0.0,130.0,113.0,7047.0,964.0,H83627,CR2 7DX,U09071,QWE,NHS South West London Integrated Care Board,EMIS
H83631,GREENSIDE GROUP PRACTICE,U74798,CROYDON GP SUPER NETWORK PCN,36L,E38000245,0.0,0.0,4.0,0.0,0.0,8.0,24.0,0.0,24.0,6.0,10677.0,741.0,H83631,CR0 2UL,U74798,QWE,NHS South West London Integrated Care Board,EMIS
H84002,PARK ROAD SURGERY,U84150,HAMPTON PCN,36L,E38000245,0.0,0.0,15.0,0.0,0.0,4.0,96.0,0.0,73.0,36.0,10208.0,2343.0,H84002,TW11 0AU,U84150,QWE,NHS South West London Integrated Care Board,Unknown
H84006,RICHMOND MEDICAL GROUP,U32828,SHEEN & BARNES PCN,36L,E38000245,0.0,0.0,34.0,0.0,4.0,4.0,146.0,3.0,115.0,43.0,14622.0,2972.0,H84006,SW14 8LP,U32828,QWE,NHS South West London Integrated Care Board,EMIS
H84007,ACORN GROUP PRACTICE,U49896,TEDDINGTON PCN,36L,E38000245,0.0,0.0,8.0,0.0,1.0,1.0,64.0,1.0,52.0,35.0,5966.0,1491.0,H84007,TW1 4EA,U49896,QWE,NHS South West London Integrated Care Board,EMIS
H84010,CANBURY MEDICAL CENTRE,U37262,CANBURY CHURCHILL ORCHARD BERRYLANDS PCN,36L,E38000245,0.0,0.0,33.0,1.0,3.0,1.0,35.0,0.0,24.0,23.0,8109.0,1582.0,H84010,KT2 6HR,U37262,QWE,NHS South West London Integrated Care Board,EMIS
H84012,YORK MEDICAL PRACTICE,U96434,EAST TWICKENHAM PCN,36L,E38000245,0.0,0.0,19.0,0.0,5.0,0.0,46.0,0.0,30.0,8.0,12943.0,2045.0,H84012,TW1 3PA,U96434,QWE,NHS South West London Integrated Care Board,EMIS
H84015,BRUNSWICK SURGERY,U72231,SURBITON HEALTH CENTRE PCN,36L,E38000245,0.0,0.0,12.0,1.0,2.0,2.0,55.0,0.0,47.0,41.0,7778.0,1210.0,H84015,KT6 6EZ,U72231,QWE,NHS South West London Integrated Care Board,EMIS
H84016,GROVES MEDICAL CENTRE,U88126,NEW MALDEN & WORCESTER PARK PCN,36L,E38000245,0.0,0.0,36.0,0.0,7.0,2.0,240.0,1.0,175.0,92.0,13464.0,3067.0,H84016,KT3 3TX,U88126,QWE,NHS South West London Integrated Care Board,EMIS
H84018,BROAD LANE SURGERY,U84150,HAMPTON PCN,36L,E38000245,1.0,0.0,20.0,1.0,0.0,0.0,30.0,0.0,23.0,6.0,5989.0,1240.0,H84018,TW12 3AX,U84150,QWE,NHS South West London Integrated Care Board,EMIS
H84020,FAIRHILL MEDICAL PRACTICE,U52814,KINGSTON PCN,36L,E38000245,0.0,0.0,10.0,0.0,1.0,1.0,45.0,1.0,19.0,11.0,21338.0,1824.0,H84020,KT2 7PX,U52814,QWE,NHS South West London Integrated Care Board,EMIS
H84023,ESSEX HOUSE SURGERY,U32828,SHEEN & BARNES PCN,36L,E38000245,0.0,0.0,8.0,0.0,0.0,2.0,54.0,0.0,49.0,16.0,11977.0,1791.0,H84023,SW13 0LW,U32828,QWE,NHS South West London Integrated Care Board,Unknown
H84025,HOOK SURGERY,U19424,CHESSINGTON AND SURBITON PCN,36L,E38000245,0.0,0.0,6.0,1.0,1.0,0.0,40.0,0.0,32.0,29.0,6405.0,1099.0,H84025,KT9 2GY,U19424,QWE,NHS South West London Integrated Care Board,EMIS
H84027,CHURCHILL MEDICAL CENTRE,U37262,CANBURY CHURCHILL ORCHARD BERRYLANDS PCN,36L,E38000245,0.0,1.0,37.0,0.0,9.0,2.0,61.0,0.0,42.0,13.0,15398.0,2238.0,H84027,KT2 6PG,U37262,QWE,NHS South West London Integrated Care Board,EMIS
H84030,CENTRAL SURGERY,U72231,SURBITON HEALTH CENTRE PCN,36L,E38000245,0.0,0.0,25.0,1.0,0.0,2.0,171.0,1.0,139.0,107.0,9939.0,2810.0,H84030,KT6 6EZ,U72231,QWE,NHS South West London Integrated Care Board,EMIS
H84031,JUBILEE SURGERY,U96434,EAST TWICKENHAM PCN,36L,E38000245,0.0,0.0,24.0,0.0,4.0,1.0,45.0,0.0,22.0,20.0,4741.0,1055.0,H84031,TW2 6JL,U96434,QWE,NHS South West London Integrated Care Board,EMIS
H84032,HAMPTON WICK SURGERY,U49896,TEDDINGTON PCN,36L,E38000245,0.0,0.0,10.0,1.0,2.0,4.0,112.0,0.0,28.0,23.0,7045.0,1850.0,H84032,KT1 4DY,U49896,QWE,NHS South West London Integrated Care Board,EMIS
H84033,ST ALBANS MEDICAL CENTRE,U52814,KINGSTON PCN,36L,E38000245,0.0,0.0,15.0,0.0,4.0,0.0,34.0,0.0,26.0,25.0,5107.0,1363.0,H84033,KT2 5HF,U52814,QWE,NHS South West London Integrated Care Board,EMIS
H84034,ORCHARD PRACTICE,U37262,CANBURY CHURCHILL ORCHARD BERRYLANDS PCN,36L,E38000245,0.0,0.0,26.0,0.0,10.0,2.0,52.0,0.0,27.0,8.0,6975.0,1540.0,H84034,KT9 1AG,U37262,QWE,NHS South West London Integrated Care Board,EMIS
H84039,CROSS DEEP SURGERY,U96434,EAST TWICKENHAM PCN,36L,E38000245,3.0,0.0,28.0,1.0,2.0,3.0,89.0,0.0,71.0,15.0,9855.0,1957.0,H84039,TW1 4QP,U96434,QWE,NHS South West London Integrated Care Board,EMIS
H84040,HAMPTON MEDICAL CENTRE,U84150,HAMPTON PCN,36L,E38000245,1.0,1.0,22.0,0.0,0.0,2.0,162.0,0.0,118.0,59.0,8768.0,2516.0,H84040,TW12 2PB,U84150,QWE,NHS South West London Integrated Care Board,EMIS
H84042,HOLMWOOD CORNER SURGERY,U88126,NEW MALDEN & WORCESTER PARK PCN,36L,E38000245,0.0,0.0,49.0,0.0,16.0,6.0,97.0,0.0,66.0,49.0,11478.0,2174.0,H84042,KT3 6DR,U88126,QWE,NHS South West London Integrated Care Board,EMIS
H84044,THE GREEN & FIR ROAD,U49896,TEDDINGTON PCN,36L,E38000245,0.0,0.0,30.0,2.0,8.0,2.0,30.0,0.0,23.0,17.0,7230.0,1112.0,H84044,TW2 5TU,U49896,QWE,NHS South West London Integrated Care Board,EMIS
H84048,TWICKENHAM PARK SURGERY,U96434,EAST TWICKENHAM PCN,36L,E38000245,0.0,0.0,5.0,0.0,4.0,3.0,76.0,0.0,57.0,15.0,7529.0,1138.0,H84048,TW1 2AR,U96434,QWE,NHS South West London Integrated Care Board,EMIS
H84050,CHESSINGTON PARK SURGERY,U19424,CHESSINGTON AND SURBITON PCN,36L,E38000245,0.0,0.0,11.0,1.0,2.0,0.0,46.0,0.0,28.0,14.0,6211.0,1317.0,H84050,KT9 2GY,U19424,QWE,NHS South West London Integrated Care Board,EMIS
H84051,ROSELAWN SURGERY,U88126,NEW MALDEN & WORCESTER PARK PCN,36L,E38000245,0.0,0.0,7.0,0.0,0.0,0.0,70.0,0.0,53.0,30.0,6458.0,957.0,H84051,KT3 6AA,U88126,QWE,NHS South West London Integrated Care Board,EMIS
H84053,BERRYLANDS SURGERY,U37262,CANBURY CHURCHILL ORCHARD BERRYLANDS PCN,36L,E38000245,0.0,0.0,4.0,0.0,0.0,1.0,40.0,1.0,30.0,28.0,5563.0,880.0,H84053,KT6 6EZ,U37262,QWE,NHS South West London Integrated Care Board,EMIS
H84054,RED LION ROAD SURGERY,U19424,CHESSINGTON AND SURBITON PCN,36L,E38000245,0.0,0.0,10.0,0.0,0.0,1.0,19.0,0.0,16.0,16.0,3068.0,482.0,H84054,KT6 7QG,U19424,QWE,NHS South West London Integrated Care Board,EMIS
H84055,SHEEN LANE SURGERY,U32828,SHEEN & BARNES PCN,36L,E38000245,0.0,0.0,32.0,0.0,8.0,1.0,76.0,0.0,44.0,32.0,9441.0,1912.0,H84055,SW14 8LP,U32828,QWE,NHS South West London Integrated Care Board,EMIS
H84057,STAINES ROAD MEDICAL CENTRE,U84150,HAMPTON PCN,36L,E38000245,0.0,0.0,0.0,0.0,0.0,0.0,12.0,0.0,10.0,7.0,3306.0,425.0,H84057,TW2 5AU,U84150,QWE,NHS South West London Integrated Care Board,EMIS
H84059,THAMESIDE MEDICAL PRACTICE,U49896,TEDDINGTON PCN,36L,E38000245,0.0,0.0,2.0,0.0,0.0,1.0,22.0,0.0,20.0,11.0,4506.0,706.0,H84059,TW11 8HU,U49896,QWE,NHS South West London Integrated Care Board,EMIS
H84060,RICHMOND LOCK SURGERY,U96434,EAST TWICKENHAM PCN,36L,E38000245,0.0,0.0,12.0,0.0,1.0,2.0,25.0,0.0,22.0,13.0,6449.0,1181.0,H84060,TW1 1PS,U96434,QWE,NHS South West London Integrated Care Board,EMIS
H84061,KINGSTON HEALTH CENTRE,U52814,KINGSTON PCN,36L,E38000245,0.0,0.0,44.0,1.0,5.0,5.0,44.0,0.0,33.0,28.0,26710.0,2009.0,H84061,KT2 5AD,U52814,QWE,NHS South West London Integrated Care Board,EMIS
H84062,LANGLEY MEDICAL PRACTICE,U72231,SURBITON HEALTH CENTRE PCN,36L,E38000245,0.0,0.0,5.0,1.0,1.0,0.0,70.0,0.0,60.0,56.0,7330.0,1315.0,H84062,KT6 6EZ,U72231,QWE,NHS South West London Integrated Care Board,EMIS
H84618,SUNRAY SURGERY,U19424,CHESSINGTON AND SURBITON PCN,36L,E38000245,0.0,0.0,0.0,0.0,0.0,1.0,15.0,0.0,14.0,12.0,4635.0,681.0,H84618,KT5 9QD,U19424,QWE,NHS South West London Integrated Care Board,EMIS
H84619,CLAREMONT MEDICAL CENTRE,U19424,CHESSINGTON AND SURBITON PCN,36L,E38000245,0.0,0.0,27.0,0.0,0.0,0.0,22.0,0.0,16.0,14.0,9794.0,1088.0,H84619,KT6 6BS,U19424,QWE,NHS South West London Integrated Care Board,EMIS
H84623,HAMPTON HILL MEDICAL CENTRE,U49896,TEDDINGTON PCN,36L,E38000245,0.0,0.0,48.0,0.0,3.0,4.0,53.0,0.0,54.0,16.0,7200.0,1401.0,H84623,TW12 1NY,U49896,QWE,NHS South West London Integrated Care Board,EMIS
H84625,WOODLAWN MEDICAL CENTRE,U96434,EAST TWICKENHAM PCN,36L,E38000245,0.0,0.0,7.0,0.0,4.0,1.0,50.0,0.0,41.0,7.0,4468.0,753.0,H84625,TW2 6EE,U96434,QWE,NHS South West London Integrated Care Board,EMIS
H84630,CRANE PARK SURGERY,U96434,EAST TWICKENHAM PCN,36L,E38000245,0.0,0.0,0.0,0.0,0.0,0.0,10.0,0.0,8.0,5.0,3310.0,367.0,H84630,TW2 6JL,U96434,QWE,NHS South West London Integrated Care Board,EMIS
H84635,MANOR DRIVE MEDICAL CENTRE,U88126,NEW MALDEN & WORCESTER PARK PCN,36L,E38000245,0.0,0.0,46.0,0.0,4.0,2.0,93.0,0.0,79.0,41.0,13812.0,2657.0,H84635,KT4 7LG,U88126,QWE,NHS South West London Integrated Care Board,EMIS
H85001,WANDSWORTH MEDICAL CENTRE,U61963,WANDLE PCN,36L,E38000245,0.0,0.0,36.0,22.0,2.0,4.0,32.0,1.0,27.0,11.0,18223.0,1085.0,H85001,SW18 4DD,U61963,QWE,NHS South West London Integrated Care Board,EMIS
H85002,FALCON ROAD MEDICAL CENTRE,U73458,WANDSWORTH PCN,36L,E38000245,0.0,0.0,12.0,2.0,1.0,1.0,28.0,0.0,22.0,17.0,10972.0,928.0,H85002,SW11 2PH,U73458,QWE,NHS South West London Integrated Care Board,EMIS
H85003,QUEENSTOWN ROAD MEDICAL PRACTICE,U42154,BATTERSEA PCN,36L,E38000245,0.0,0.0,26.0,0.0,3.0,0.0,35.0,0.0,7.0,*,6108.0,886.0,H85003,SW8 3RX,U42154,QWE,NHS South West London Integrated Care Board,EMIS
H85006,MAYFIELD SURGERY,U97650,PRIME WANDSWORTH PCN,36L,E38000245,0.0,0.0,22.0,0.0,1.0,1.0,53.0,0.0,39.0,29.0,5682.0,853.0,H85006,SW15 4AA,U97650,QWE,NHS South West London Integrated Care Board,EMIS
H85007,SOUTHFIELDS GROUP PRACTICE,U61963,WANDLE PCN,36L,E38000245,0.0,0.0,24.0,1.0,14.0,2.0,59.0,0.0,43.0,19.0,8982.0,1755.0,H85007,SW18 5AE,U61963,QWE,NHS South West London Integrated Care Board,EMIS
H85008,ROEHAMPTON SURGERY,U45842,WEST WANDSWORTH PCN,36L,E38000245,0.0,0.0,11.0,0.0,1.0,2.0,138.0,0.0,105.0,80.0,5550.0,1109.0,H85008,SW15 4HN,U45842,QWE,NHS South West London Integrated Care Board,EMIS
H85009,BEDFORD HILL FAMILY PRACTICE,U42598,"BALHAM, TOOTING & FURZEDOWN PCN",36L,E38000245,0.0,0.0,32.0,0.0,7.0,2.0,57.0,0.0,41.0,34.0,12556.0,1578.0,H85009,SW12 9HS,U42598,QWE,NHS South West London Integrated Care Board,EMIS
H85011,GREYSWOOD PRACTICE,U42598,"BALHAM, TOOTING & FURZEDOWN PCN",36L,E38000245,0.0,0.0,20.0,1.0,5.0,3.0,61.0,0.0,48.0,40.0,9099.0,1370.0,H85011,SW16 6PX,U42598,QWE,NHS South West London Integrated Care Board,EMIS
H85012,PUTNEYMEAD GROUP MEDICAL PRACTICE,U45842,WEST WANDSWORTH PCN,36L,E38000245,0.0,1.0,48.0,4.0,9.0,2.0,141.0,0.0,117.0,98.0,21531.0,2672.0,H85012,SW15 6TQ,U45842,QWE,NHS South West London Integrated Care Board,EMIS
H85018,MULGRAVE ROAD SURGERY,U07607,CENTRAL SUTTON PCN,36L,E38000245,0.0,1.0,23.0,0.0,5.0,1.0,47.0,0.0,35.0,28.0,7318.0,1420.0,H85018,SM2 6LX,U07607,QWE,NHS South West London Integrated Care Board,EMIS
H85020,NELSON MEDICAL PRACTICE,U44050,SOUTH WEST MERTON PCN,36L,E38000245,0.0,0.0,25.0,1.0,2.0,5.0,226.0,1.0,179.0,129.0,27816.0,4642.0,H85020,SW20 8DA,U44050,QWE,NHS South West London Integrated Care Board,EMIS
H85022,PARK ROAD MEDICAL CENTRE,U66620,WALLINGTON PCN,36L,E38000245,0.0,0.0,25.0,5.0,4.0,0.0,22.0,0.0,20.0,6.0,4244.0,671.0,H85022,SM6 8AW,U66620,QWE,NHS South West London Integrated Care Board,EMIS
H85024,MITCHAM & TOOTING HEALTH,U77811,NORTH MERTON PCN,36L,E38000245,0.0,0.0,8.0,0.0,1.0,3.0,101.0,0.0,75.0,40.0,6791.0,1231.0,H85024,CR4 3PR,U77811,QWE,NHS South West London Integrated Care Board,EMIS
H85026,FRANCIS GROVE SURGERY,U00070,WEST MERTON PCN,36L,E38000245,0.0,0.0,11.0,1.0,0.0,1.0,37.0,1.0,31.0,11.0,13330.0,1557.0,H85026,SW19 4DL,U00070,QWE,NHS South West London Integrated Care Board,EMIS
H85027,WIMBLEDON VILLAGE SURGERY,U52546,NORTH WEST MERTON PCN,36L,E38000245,0.0,0.0,24.0,1.0,6.0,1.0,148.0,2.0,131.0,107.0,10430.0,2822.0,H85027,SW19 5BY,U52546,QWE,NHS South West London Integrated Care Board,EMIS
H85028,WIMBLEDON MEDICAL PRACTICE,U52546,NORTH WEST MERTON PCN,36L,E38000245,0.0,0.0,31.0,0.0,1.0,1.0,62.0,0.0,8.0,7.0,9801.0,1142.0,H85028,SW19 1NX,U52546,QWE,NHS South West London Integrated Care Board,EMIS
H85030,OLD COURT HOUSE SURGERY,U07607,CENTRAL SUTTON PCN,36L,E38000245,1.0,1.0,60.0,18.0,5.0,2.0,112.0,0.0,88.0,53.0,10767.0,2399.0,H85030,SM1 4AF,U07607,QWE,NHS South West London Integrated Care Board,EMIS
H85031,BENHILL & BELMONT GP CENTRE,U92151,CHEAM AND SOUTH SUTTON PCN,36L,E38000245,0.0,0.0,18.0,0.0,4.0,4.0,146.0,0.0,121.0,103.0,10027.0,1834.0,H85031,SM1 4EB,U92151,QWE,NHS South West London Integrated Care Board,EMIS
H85033,TAMWORTH HOUSE MEDICAL CENTRE,U45943,EAST MERTON PCN,36L,E38000245,0.0,0.0,16.0,0.0,1.0,7.0,75.0,0.0,52.0,34.0,8180.0,1506.0,H85033,CR4 1DL,U45943,QWE,NHS South West London Integrated Care Board,EMIS
H85038,CRICKET GREEN MEDICAL PRACTICE,U45943,EAST MERTON PCN,36L,E38000245,0.0,0.0,26.0,0.0,2.0,5.0,114.0,0.0,93.0,77.0,9716.0,1558.0,H85038,CR4 3DA,U45943,QWE,NHS South West London Integrated Care Board,EMIS
H85041,EARLSFIELD SURGERY,U61963,WANDLE PCN,36L,E38000245,1.0,0.0,26.0,2.0,3.0,3.0,45.0,0.0,30.0,20.0,13990.0,1183.0,H85041,SW18 4HH,U61963,QWE,NHS South West London Integrated Care Board,EMIS
H85045,BRIDGE LANE GROUP PRACTICE,U42154,BATTERSEA PCN,36L,E38000245,0.0,1.0,57.0,19.0,7.0,2.0,81.0,0.0,65.0,47.0,11921.0,1954.0,H85045,SW11 3AD,U42154,QWE,NHS South West London Integrated Care Board,EMIS
H85047,CHATFIELD HEALTH CARE,U73458,WANDSWORTH PCN,36L,E38000245,0.0,1.0,29.0,4.0,5.0,3.0,74.0,0.0,64.0,42.0,11154.0,1442.0,H85047,SW11 3UJ,U73458,QWE,NHS South West London Integrated Care Board,EMIS
H85048,BROCKLEBANK GROUP PRACTICE,U71206,BROCKLEBANK PCN,36L,E38000245,0.0,0.0,9.0,1.0,4.0,3.0,91.0,0.0,72.0,37.0,14528.0,1693.0,H85048,SW18 4DU,U71206,QWE,NHS South West London Integrated Care Board,EMIS
H85049,BATTERSEA RISE GROUP PRACTICE,U42154,BATTERSEA PCN,36L,E38000245,0.0,0.0,12.0,2.0,0.0,0.0,19.0,0.0,18.0,6.0,6179.0,564.0,H85049,SW11 1HG,U42154,QWE,NHS South West London Integrated Care Board,EMIS
H85051,LAMBTON ROAD MEDICAL PRACTICE,U00070,WEST MERTON PCN,36L,E38000245,0.0,0.0,27.0,0.0,5.0,4.0,118.0,0.0,92.0,81.0,16201.0,2304.0,H85051,SW20 0LW,U00070,QWE,NHS South West London Integrated Care Board,EMIS
H85052,STREATHAM PARK SURGERY,U42598,"BALHAM, TOOTING & FURZEDOWN PCN",36L,E38000245,0.0,0.0,17.0,0.0,4.0,2.0,41.0,0.0,35.0,35.0,3664.0,665.0,H85052,SW16 6LY,U42598,QWE,NHS South West London Integrated Care Board,EMIS
H85055,WEST BARNES SURGERY,U88126,NEW MALDEN & WORCESTER PARK PCN,36L,E38000245,0.0,0.0,6.0,0.0,0.0,2.0,67.0,0.0,17.0,9.0,5775.0,1460.0,H85055,KT3 6JD,U88126,QWE,NHS South West London Integrated Care Board,EMIS
H85057,ELBOROUGH STREET SURGERY,U61963,WANDLE PCN,36L,E38000245,0.0,0.0,6.0,1.0,0.0,1.0,19.0,0.0,16.0,8.0,7352.0,706.0,H85057,SW18 5DS,U61963,QWE,NHS South West London Integrated Care Board,EMIS
H85061,HEATHBRIDGE PRACTICE,U97650,PRIME WANDSWORTH PCN,36L,E38000245,0.0,0.0,40.0,0.0,3.0,3.0,69.0,0.0,58.0,44.0,21019.0,2008.0,H85061,SW15 2TL,U97650,QWE,NHS South West London Integrated Care Board,EMIS
H85063,CHEAM GP CENTRE,U92151,CHEAM AND SOUTH SUTTON PCN,36L,E38000245,0.0,0.0,42.0,27.0,5.0,5.0,133.0,1.0,99.0,43.0,9044.0,2875.0,H85063,SM3 8EP,U92151,QWE,NHS South West London Integrated Care Board,EMIS
H85065,ALTON PRACTICE,U45842,WEST WANDSWORTH PCN,36L,E38000245,0.0,1.0,13.0,8.0,4.0,0.0,16.0,0.0,6.0,*,4109.0,406.0,H85065,SW15 4LE,U45842,QWE,NHS South West London Integrated Care Board,EMIS
H85066,BALHAM PARK SURGERY,U02454,NIGHTINGALE PCN,36L,E38000245,0.0,0.0,46.0,7.0,9.0,5.0,89.0,0.0,73.0,65.0,17849.0,1948.0,H85066,SW17 7AW,U02454,QWE,NHS South West London Integrated Care Board,EMIS
H85067,DANEBURY AVENUE SURGERY,U45842,WEST WANDSWORTH PCN,36L,E38000245,0.0,0.0,3.0,0.0,0.0,2.0,11.0,1.0,8.0,*,2611.0,320.0,H85067,SW15 4DU,U45842,QWE,NHS South West London Integrated Care Board,EMIS
H85069,LAVENDER HILL GROUP PRACTICE,U42154,BATTERSEA PCN,36L,E38000245,0.0,0.0,6.0,0.0,0.0,0.0,60.0,1.0,46.0,36.0,13879.0,1266.0,H85069,SW11 5TU,U42154,QWE,NHS South West London Integrated Care Board,EMIS
H85075,HAIDER PRACTICE,U71206,BROCKLEBANK PCN,36L,E38000245,0.0,0.0,59.0,3.0,2.0,0.0,18.0,0.0,18.0,11.0,5094.0,437.0,H85075,SW11 1SW,U71206,QWE,NHS South West London Integrated Care Board,EMIS
H85077,BOLINGBROKE MEDICAL CENTRE,U73458,WANDSWORTH PCN,36L,E38000245,0.0,0.0,23.0,2.0,1.0,0.0,27.0,3.0,17.0,12.0,5899.0,684.0,H85077,SW11 6BF,U73458,QWE,NHS South West London Integrated Care Board,EMIS
H85078,MITCHAM FAMILY PRACTICE,U77811,NORTH MERTON PCN,36L,E38000245,0.0,0.0,9.0,0.0,2.0,1.0,12.0,0.0,10.0,9.0,3904.0,473.0,H85078,CR4 3HS,U77811,QWE,NHS South West London Integrated Care Board,EMIS
H85082,TRIANGLE SURGERY,U61963,WANDLE PCN,36L,E38000245,0.0,0.0,4.0,0.0,1.0,1.0,16.0,0.0,10.0,10.0,4060.0,467.0,H85082,SW18 4HX,U61963,QWE,NHS South West London Integrated Care Board,EMIS
H85087,OPEN DOOR SURGERY,U42598,"BALHAM, TOOTING & FURZEDOWN PCN",36L,E38000245,2.0,0.0,71.0,63.0,1.0,0.0,48.0,0.0,37.0,24.0,8563.0,1528.0,H85087,SW12 8EU,U42598,QWE,NHS South West London Integrated Care Board,EMIS
H85088,CLAPHAM JUNCTION MEDICAL PRACTICE,U73458,WANDSWORTH PCN,36L,E38000245,2.0,1.0,10.0,4.0,4.0,1.0,16.0,0.0,15.0,11.0,2161.0,334.0,H85088,SW11 2EJ,U73458,QWE,NHS South West London Integrated Care Board,EMIS
H85090,FIGGES MARSH SURGERY,U45943,EAST MERTON PCN,36L,E38000245,0.0,0.0,15.0,0.0,4.0,2.0,34.0,0.0,26.0,11.0,9982.0,1115.0,H85090,CR4 3LD,U45943,QWE,NHS South West London Integrated Care Board,EMIS
H85092,RIVERHOUSE MEDICAL PRACTICE,U77811,NORTH MERTON PCN,36L,E38000245,0.0,0.0,17.0,9.0,4.0,0.0,22.0,0.0,18.0,17.0,5456.0,677.0,H85092,SW19 1YG,U77811,QWE,NHS South West London Integrated Care Board,EMIS
H85095,ROBIN HOOD LANE HEALTH CENTRE,U07607,CENTRAL SUTTON PCN,36L,E38000245,0.0,0.0,41.0,1.0,7.0,3.0,92.0,3.0,69.0,40.0,14280.0,1697.0,H85095,SM1 2RJ,U07607,QWE,NHS South West London Integrated Care Board,EMIS
H85100,ST PAULS COTTAGE SURGERY,U71206,BROCKLEBANK PCN,36L,E38000245,0.0,0.0,10.0,3.0,2.0,0.0,31.0,0.0,20.0,9.0,6828.0,770.0,H85100,SW19 6EW,U71206,QWE,NHS South West London Integrated Care Board,EMIS
H85101,GRAND DRIVE SURGERY,U44050,SOUTH WEST MERTON PCN,36L,E38000245,0.0,0.0,15.0,2.0,0.0,4.0,58.0,0.0,44.0,25.0,7828.0,1327.0,H85101,SW20 9EA,U44050,QWE,NHS South West London Integrated Care Board,EMIS
H85105,CHEAM FAMILY PRACTICE,U92151,CHEAM AND SOUTH SUTTON PCN,36L,E38000245,0.0,0.0,25.0,3.0,0.0,12.0,214.0,0.0,101.0,70.0,11492.0,2396.0,H85105,SM3 8BS,U92151,QWE,NHS South West London Integrated Care Board,EMIS
H85111,BATTERSEA FIELDS PRACTICE,U42154,BATTERSEA PCN,36L,E38000245,0.0,0.0,20.0,5.0,0.0,1.0,89.0,0.0,68.0,63.0,13486.0,1017.0,H85111,SW11 5JP,U42154,QWE,NHS South West London Integrated Care Board,EMIS
H85112,VINEYARD HILL ROAD SURGERY,U52546,NORTH WEST MERTON PCN,36L,E38000245,0.0,0.0,4.0,0.0,2.0,0.0,7.0,1.0,4.0,*,5275.0,613.0,H85112,SW19 7JL,U52546,QWE,NHS South West London Integrated Care Board,EMIS
H85113,MALDON ROAD SURGERY,U66620,WALLINGTON PCN,36L,E38000245,1.0,0.0,75.0,72.0,1.0,0.0,25.0,0.0,20.0,14.0,3977.0,775.0,H85113,SM6 8BL,U66620,QWE,NHS South West London Integrated Care Board,EMIS
H85114,THURLEIGH ROAD PRACTICE,U02454,NIGHTINGALE PCN,36L,E38000245,0.0,0.0,13.0,2.0,1.0,0.0,52.0,2.0,39.0,32.0,11822.0,1451.0,H85114,SW12 8TT,U02454,QWE,NHS South West London Integrated Care Board,EMIS
H85115,SHOTFIELD MEDICAL PRACTICE,U66620,WALLINGTON PCN,36L,E38000245,0.0,0.0,33.0,5.0,5.0,4.0,179.0,0.0,132.0,82.0,9543.0,2688.0,H85115,SM6 0HY,U66620,QWE,NHS South West London Integrated Care Board,EMIS
H85116,MANOR PRACTICE,U66620,WALLINGTON PCN,36L,E38000245,0.0,0.0,5.0,0.0,0.0,3.0,68.0,0.0,16.0,11.0,10422.0,1369.0,H85116,SM6 0DE,U66620,QWE,NHS South West London Integrated Care Board,EMIS
H85618,JAMES O'RIORDAN MEDICAL CENTRE,U92151,CHEAM AND SOUTH SUTTON PCN,36L,E38000245,0.0,0.0,11.0,0.0,2.0,3.0,43.0,0.0,30.0,11.0,7712.0,1484.0,H85618,SM3 9HE,U92151,QWE,NHS South West London Integrated Care Board,EMIS
H85634,MERTON MEDICAL PRACTICE,U77811,NORTH MERTON PCN,36L,E38000245,0.0,0.0,10.0,0.0,0.0,3.0,19.0,0.0,16.0,13.0,7154.0,567.0,H85634,SW19 1DG,U77811,QWE,NHS South West London Integrated Care Board,EMIS
H85637,BALHAM HEALTH CENTRE,U42598,"BALHAM, TOOTING & FURZEDOWN PCN",36L,E38000245,0.0,0.0,0.0,0.0,0.0,0.0,6.0,0.0,4.0,*,979.0,243.0,H85637,SW12 9HS,U42598,QWE,NHS South West London Integrated Care Board,EMIS
H85649,COLLIERS WOOD SURGERY,U77811,NORTH MERTON PCN,36L,E38000245,0.0,0.0,19.0,0.0,6.0,2.0,21.0,0.0,21.0,14.0,9531.0,1149.0,H85649,SW19 2BY,U77811,QWE,NHS South West London Integrated Care Board,EMIS
H85653,WALLINGTON FAMILY PRACTICE,U66620,WALLINGTON PCN,36L,E38000245,1.0,0.0,56.0,24.0,2.0,4.0,184.0,0.0,133.0,61.0,15986.0,3443.0,H85653,SM6 0HY,U66620,QWE,NHS South West London Integrated Care Board,EMIS
H85656,ALEXANDRA ROAD SURGERY,U52546,NORTH WEST MERTON PCN,36L,E38000245,0.0,0.0,1.0,0.0,1.0,1.0,12.0,0.0,7.0,*,4733.0,683.0,H85656,SW19 7JZ,U52546,QWE,NHS South West London Integrated Care Board,EMIS
H85659,ST JOHNS HILL SURGERY,U73458,WANDSWORTH PCN,36L,E38000245,0.0,0.0,9.0,0.0,2.0,1.0,60.0,0.0,26.0,17.0,11517.0,588.0,H85659,SW11 1SW,U73458,QWE,NHS South West London Integrated Care Board,EMIS
H85662,BEECHES SURGERY,U66620,WALLINGTON PCN,36L,E38000245,0.0,0.0,3.0,0.0,1.0,0.0,22.0,0.0,15.0,9.0,4406.0,1118.0,H85662,SM5 3RB,U66620,QWE,NHS South West London Integrated Care Board,EMIS
H85664,TOOTING BEC SURGERY,U,Unallocated,36L,E38000245,0.0,0.0,1.0,0.0,0.0,0.0,4.0,0.0,4.0,*,1814.0,57.0,H85664,SW17 7BA,U,QWE,NHS South West London Integrated Care Board,EMIS
H85680,TOOTING SOUTH MEDICAL CENTRE,U42598,"BALHAM, TOOTING & FURZEDOWN PCN",36L,E38000245,0.0,0.0,57.0,9.0,0.0,0.0,32.0,0.0,22.0,18.0,9451.0,721.0,H85680,SW17 9HQ,U42598,QWE,NHS South West London Integrated Care Board,EMIS
H85682,TUDOR LODGE HEALTH CENTRE,U97650,PRIME WANDSWORTH PCN,36L,E38000245,0.0,0.0,2.0,0.0,0.0,1.0,26.0,0.0,21.0,15.0,10307.0,828.0,H85682,SW19 6AE,U97650,QWE,NHS South West London Integrated Care Board,EMIS
H85686,GROVE ROAD PRACTICE,U07607,CENTRAL SUTTON PCN,36L,E38000245,0.0,0.0,16.0,3.0,1.0,3.0,75.0,0.0,59.0,39.0,9898.0,1693.0,H85686,SM1 2DB,U07607,QWE,NHS South West London Integrated Care Board,EMIS
H85691,NIGHTINGALE PRACTICE,U02454,NIGHTINGALE PCN,36L,E38000245,0.0,0.0,12.0,0.0,1.0,2.0,46.0,0.0,35.0,34.0,2.0,74.0,H85691,SW12 8NB,U02454,QWE,NHS South West London Integrated Care Board,EMIS
Y00020,THE GRANTHAM PRACTICE,U65434,STOCKWELLBEING PCN,72Q,E38000244,0.0,0.0,7.0,0.0,1.0,1.0,28.0,0.0,22.0,7.0,8092.0,795.0,Y00020,SW9 9BH,U65434,QKK,NHS South East London Integrated Care Board,EMIS
Y01132,CHARTFIELD SURGERY,U97650,PRIME WANDSWORTH PCN,36L,E38000245,0.0,0.0,21.0,4.0,5.0,0.0,57.0,0.0,49.0,42.0,10915.0,1636.0,Y01132,SW15 6HG,U97650,QWE,NHS South West London Integrated Care Board,EMIS
Y01206,GLEBE ROAD SURGERY,U32828,SHEEN & BARNES PCN,36L,E38000245,0.0,0.0,3.0,0.0,1.0,2.0,111.0,0.0,85.0,60.0,7459.0,2169.0,Y01206,SW13 0DR,U32828,QWE,NHS South West London Integrated Care Board,EMIS
Y02423,GRAFTON MEDICAL PARTNERS,U78272,GRAFTON MEDICAL PARTNERS PCN,36L,E38000245,1.0,1.0,63.0,2.0,12.0,7.0,168.0,0.0,125.0,117.0,41479.0,3573.0,Y02423,SW17 0RT,U78272,QWE,NHS South West London Integrated Care Board,EMIS
Y02946,JUNCTION HEALTH CENTRE,U73458,WANDSWORTH PCN,36L,E38000245,0.0,2.0,4.0,2.0,0.0,0.0,5.0,0.0,4.0,*,8067.0,193.0,Y02946,SW11 2NU,U73458,QWE,NHS South West London Integrated Care Board,EMIS
Y02974,AT MEDICS,U11690,RIVERVIEW HEALTH PCN,72Q,E38000244,0.0,0.0,9.0,0.0,2.0,2.0,6.0,0.0,5.0,5.0,11894.0,506.0,Y02974,SE28 0NY,U11690,QKK,NHS South East London Integrated Care Board,EMIS
Y03063,HETHERINGTON AT THE PAVILION,U36779,BRIXTON AND CLAPHAM PARK PCN,72Q,E38000244,0.0,0.0,8.0,0.0,2.0,0.0,23.0,0.0,10.0,8.0,7230.0,605.0,Y03063,SW9 8DJ,U36779,QKK,NHS South East London Integrated Care Board,EMIS
Y03755,GREENWICH PENINSULA,U46593,GREENWICH WEST PCN,72Q,E38000244,0.0,0.0,3.0,0.0,1.0,16.0,347.0,1.0,269.0,263.0,12757.0,1233.0,Y03755,SE10 0QN,U46593,QKK,NHS South East London Integrated Care Board,EMIS
Y05317,COUNTRY PARK PRACTICE,U74798,CROYDON GP SUPER NETWORK PCN,36L,E38000245,0.0,0.0,2.0,0.0,2.0,3.0,42.0,1.0,34.0,12.0,6252.0,1011.0,Y05317,SE25 5NT,U74798,QWE,NHS South West London Integrated Care Board,EMIS
Y05318,DENMARK ROAD SURGERY,U74798,CROYDON GP SUPER NETWORK PCN,36L,E38000245,0.0,0.0,10.0,0.0,6.0,0.0,40.0,2.0,27.0,18.0,4745.0,851.0,Y05318,SE25 5NT,U74798,QWE,NHS South West London Integrated Care Board,EMIS
Y06113,QHS GP CARE HOME SERVICE,U06180,NORTH SOUTHWARK PCN,72Q,E38000244,0.0,0.0,11.0,0.0,2.0,8.0,297.0,0.0,252.0,227.0,29.0,426.0,Y06113,SE16 4BL,U06180,QKK,NHS South East London Integrated Care Board,EMIS
Y06345,BROMLEAG CARE PRACTICE,U87524,ORPINGTON PCN,72Q,E38000244,0.0,0.0,20.0,1.0,8.0,10.0,820.0,1.0,648.0,639.0,79.0,1381.0,Y06345,BR3 1DU,U87524,QKK,NHS South East London Integrated Care Board,EMIS
Y06545,SEL SPECIAL ALLOCATION PRACTICE,U58020,SEVENFIELDS PCN,72Q,E38000244,0.0,0.0,0.0,0.0,0.0,0.0,1.0,0.0,0.0,*,197.0,11.0,Y06545,SE23 1RJ,U58020,QKK,NHS South East London Integrated Care Board,EMIS
Y07020,ONE CARE LAMBETH,U39721,"HILLS, BROOKS & DALES GROUP PCN",72Q,E38000244,0.0,0.0,3.0,0.0,2.0,2.0,44.0,0.0,19.0,14.0,111.0,136.0,Y07020,SE23 1RJ,U39721,QKK,NHS South East London Integrated Care Board,EMIS
Y08411,ONE CARE LEWISHAM,U53896,NORTH LEWISHAM PCN,72Q,E38000244,0.0,0.0,4.0,0.0,1.0,8.0,138.0,0.0,11.0,10.0,37.0,276.0,Y08411,SE23 1RJ,U53896,QKK,NHS South East London Integrated Care Board,EMIS
