MSOA21CD,practice_count,DEMENTIA_REGISTER_65_PLUS,DEMENTIA_REGISTER_0_64,total_dementia,total_registered,area_km2,density_65plus,density_0_64,density_total
E02000066,1,110.0,3.0,113.0,19157.0,1.6972390364359655,64.81114188310748,1.7675765968120223,66.57871847991952
E02000067,1,90.0,3.0,93.0,17823.0,2.2659762521904776,39.717980236111764,1.3239326745370588,41.041912910648826
E02000068,1,42.0,3.0,45.0,12441.0,2.3328187593685326,18.003970446194852,1.285997889013918,19.28996833520877
E02000069,1,144.0,1.0,145.0,14500.0,1.522983547961869,94.55125118896251,0.6566059110344619,95.20785709999697
E02000072,1,24.0,6.0,30.0,11592.0,4.524479985585409,5.304476995469505,1.3261192488673763,6.630596244336881
E02000073,1,139.0,3.0,142.0,21339.0,1.6994707441681456,81.79016936713289,1.765255453966897,83.55542482109979
E02000075,2,77.0,2.0,79.0,11889.0,1.4142760387265758,54.444816918012236,1.4141510887795385,55.85896800679177
E02000077,1,58.0,1.0,59.0,14740.0,1.0790396963586486,53.75149792517188,0.9267499642271014,54.67824788939898
E02000079,1,123.0,3.0,126.0,16040.0,1.7156073658476365,71.69472598949173,1.7486518534022375,73.44337784289397
E02000080,2,257.0,4.0,261.0,20808.0,1.627010326610806,157.9584319758755,2.458496995733471,160.41692897160897
E02000081,1,180.0,5.0,185.0,12750.0,2.1282340373368314,84.57716437297623,2.349365677027117,86.92653005000334
E02000083,1,22.0,1.0,23.0,10314.0,3.701423591761695,5.943659096182798,0.27016632255376355,6.213825418736561
E02000085,1,18.0,0.0,18.0,4886.0,1.5352673192343191,11.72434257831861,0.0,11.72434257831861
E02000087,1,61.0,3.0,64.0,7353.0,3.758353237230663,16.230512713846917,0.7982219367465697,17.02873465059349
E02000089,1,85.0,2.0,87.0,11503.0,1.4395427423813547,59.046527412856996,1.3893300567731057,60.4358574696301
E02000090,1,97.0,2.0,99.0,13364.0,1.7441810598527383,55.613492333295795,1.1466699450164082,56.76016227831221
E02000091,1,513.0,5.0,518.0,30669.0,2.7008839890890277,189.93781372039902,1.8512457477621738,191.7890594681612
E02000128,1,207.0,4.0,211.0,23601.0,2.5273423253396383,81.90421927594718,1.5826902275545351,83.48690950350172
E02000132,1,820.0,10.0,830.0,1460.0,1.7474361771854532,469.25891240317065,5.722669663453301,474.98158206662396
E02000138,2,109.0,4.0,113.0,13872.0,2.1396284703736237,50.94342382767338,1.8694834432173717,52.81290727089075
E02000146,2,140.0,8.0,148.0,19764.0,1.8579153081804023,75.35327330776592,4.305901331872338,79.65917463963825
E02000151,2,66.0,1.0,67.0,12727.0,1.9683208498026268,33.53111867235372,0.50804725261142,34.03916592496514
E02000153,2,109.0,3.0,112.0,15540.0,2.218766082882041,49.1264044646003,1.3521028751724853,50.47850733977278
E02000154,2,195.0,3.0,198.0,25040.0,2.1558232123930026,90.45268595264196,1.3915797838867994,91.84426573652875
E02000156,2,136.0,4.0,140.0,15997.0,3.8635024216449567,35.20122033263681,1.0353300097834355,36.236550342420244
E02000160,1,57.0,0.0,57.0,8748.0,8.457728175894838,6.739398431183245,0.0,6.739398431183245
E02000162,2,124.0,3.0,127.0,13068.0,13.084657597408844,9.47674779235765,0.2292761562667173,9.706023948624367
E02000163,3,187.0,2.0,189.0,20460.0,11.38070207355285,16.431323726025802,0.175736082631292,16.607059808657095
E02000165,2,147.0,4.0,151.0,13290.0,5.83989404823475,25.17168955221616,0.6849439333936371,25.856633485609798
E02000194,1,38.0,3.0,41.0,14761.0,1.451296803603311,26.18347942726311,2.067116796889193,28.2505962241523
E02000197,2,161.0,5.0,166.0,19068.0,0.8980761871923295,179.27209550376452,5.5674563821044885,184.839551885869
E02000198,2,122.0,4.0,126.0,19365.0,0.9965501717841401,122.42233602908462,4.013847082920807,126.43618311200542
E02000200,2,149.0,5.0,154.0,14260.0,1.3000723535747698,114.60900586824971,3.845939794236567,118.45494566248628
E02000202,1,113.0,3.0,116.0,13291.0,0.8000657760876692,141.2383873643131,3.749691699937516,144.9880790642506
E02000203,2,95.0,8.0,103.0,17325.0,0.7533969698828469,126.09554298416211,10.618572040771545,136.71411502493365
E02000204,1,63.0,3.0,66.0,9318.0,1.149133490308874,54.823917787885826,2.610662751804087,57.43458053968992
E02000206,1,25.0,1.0,26.0,6049.0,1.397722582456429,17.88623888158387,0.7154495552633549,18.601688436847226
E02000207,4,203.0,9.0,212.0,32621.0,1.1878018019648717,170.90393335335548,7.577021675764529,178.48095502912003
E02000208,3,151.0,10.0,161.0,23927.0,0.8248655386464357,183.0601388049059,12.123188000324895,195.1833268052308
E02000209,1,34.0,2.0,36.0,20334.0,0.9719429251426551,34.98147794533276,2.05773399678428,37.03921194211704
E02000210,1,14.0,0.0,14.0,4083.0,0.7745962947503671,18.07393102043155,0.0,18.07393102043155
E02000213,3,93.0,14.0,107.0,27723.0,1.190408937311097,78.12441345582381,11.760664391199283,89.8850778470231
E02000215,3,219.0,8.0,227.0,40451.0,0.9926726190589599,220.6165414410332,8.0590517421382,228.67559318317143
E02000218,1,55.0,1.0,56.0,3255.0,1.0661548996515844,51.58725061243334,0.9379500111351516,52.52520062356849
E02000219,2,112.0,0.0,112.0,12328.0,5.90922506308719,18.953415854749522,0.0,18.953415854749522
E02000221,1,94.0,3.0,97.0,10556.0,2.7878828403641402,33.71734229251978,1.076085392314461,34.79342768483424
E02000222,1,29.0,0.0,29.0,3639.0,1.9655826063890067,14.753895311108911,0.0,14.753895311108911
E02000224,1,92.0,7.0,99.0,13702.0,1.2274381162248311,74.95286221268711,5.702935168356628,80.65579738104374
E02000225,3,138.0,12.0,150.0,24496.0,1.7213225020142382,80.17091500199217,6.9713839132167115,87.14229891520888
E02000226,3,332.0,14.0,346.0,36349.0,3.2778747299589104,101.28513971739298,4.271060108564764,105.55619982595773
E02000230,2,517.0,25.0,542.0,42455.0,2.72303337086792,189.86179366403255,9.180937798067337,199.04273146209988
E02000231,1,22.0,0.0,22.0,2859.0,3.3184273169792715,6.629646485681164,0.0,6.629646485681164
E02000237,1,133.0,3.0,136.0,19398.0,5.115043371177033,26.001734559954492,0.5865052908260412,26.588239850780536
E02000314,2,66.0,4.0,70.0,28156.0,3.162030894345357,20.872661338643923,1.2650097780996317,22.137671116743554
E02000315,1,25.0,2.0,27.0,7051.0,1.1333431440749884,22.0586325780481,1.764690606243848,23.823323184291947
E02000318,4,121.0,4.0,125.0,34737.0,1.1656427443829402,103.80539027337585,3.431583149533086,107.23697342290893
E02000319,1,12.0,0.0,12.0,4524.0,1.0844426935736657,11.065591636248914,0.0,11.065591636248914
E02000320,1,15.0,2.0,17.0,4897.0,1.5871372095875138,9.450978724075405,1.2601304965433873,10.711109220618793
E02000321,1,18.0,1.0,19.0,7346.0,0.4989721717815466,36.07415607113361,2.004119781729645,38.07827585286325
E02000323,1,46.0,3.0,49.0,10481.0,0.7831576692832158,58.73657604873033,3.8306462640476298,62.56722231277796
E02000324,1,30.0,0.0,30.0,12923.0,1.361744234476191,22.030568766490727,0.0,22.030568766490727
E02000327,1,18.0,1.0,19.0,6594.0,1.6198235171419804,11.112321687833767,0.6173512048796537,11.72967289271342
E02000328,1,32.0,0.0,32.0,8005.0,0.8277199923451373,38.660416923525084,0.0,38.660416923525084
E02000333,1,61.0,1.0,62.0,12157.0,1.3263411298443566,45.99118479207399,0.7539538490503932,46.74513864112438
E02000337,1,66.0,1.0,67.0,20913.0,1.2566798745857732,52.519341906191435,0.7957476046392642,53.3150895108307
E02000340,2,176.0,2.0,178.0,33526.0,3.546955717934591,49.62001614795621,0.5638638198631387,50.183879967819344
E02000344,2,50.0,1.0,51.0,17750.0,1.3118728459234636,38.1134499089381,0.7622689981787619,38.87571890711686
E02000598,1,34.0,0.0,34.0,6470.0,1.4225106559571645,23.90140267675002,0.0,23.90140267675002
E02000600,2,106.0,3.0,109.0,40798.0,1.2695274558705,83.4956341509897,2.363083985405369,85.85871813639507
E02000601,2,79.0,6.0,85.0,38410.0,0.9960101626165907,79.31645977633531,6.024034919721669,85.34049469605696
E02000605,1,240.0,2.0,242.0,16531.0,1.433670768250033,167.4024506288489,1.395020421907074,168.79747105075597
E02000609,2,167.0,6.0,173.0,21067.0,1.4922734150682933,111.90978698253987,4.020710909552331,115.9304978920922
E02000610,5,358.0,5.0,363.0,47707.0,1.027688805552248,348.35448052547576,4.8652860408586,353.21976656633433
E02000611,1,15.0,1.0,16.0,5316.0,1.7505544901786037,8.568713561421099,0.5712475707614066,9.139961132182506
E02000612,1,93.0,2.0,95.0,16469.0,1.7044791963772155,54.56212090922952,1.173378944284506,55.73549985351403
E02000613,1,19.0,1.0,20.0,3550.0,1.3158874289480207,14.438925079776354,0.759943425251387,15.19886850502774
E02000615,1,52.0,2.0,54.0,8515.0,1.634388486056535,31.81618106320976,1.223699271661914,33.039880334871675
E02000617,2,86.0,0.0,86.0,15032.0,7.12380337074172,12.07220294052639,0.0,12.07220294052639
E02000619,1,42.0,1.0,43.0,23133.0,0.5490084219796716,76.50155866198197,1.8214656824281423,78.32302434441011
E02000620,1,15.0,1.0,16.0,9505.0,0.6862500264592334,21.857922654508013,1.4571948436338675,23.31511749814188
E02000622,4,312.0,6.0,318.0,33335.0,0.680765794931444,458.307397820156,8.813603804233768,467.12100162438975
E02000623,3,95.0,4.0,99.0,31205.0,0.47865024152643837,198.47477710873076,8.356832720367612,206.83160982909837
E02000625,1,11.0,1.0,12.0,6948.0,0.6172853241954834,17.81996034708334,1.6199963951893948,19.439956742272738
E02000627,2,51.0,1.0,52.0,17416.0,0.49314949326928237,103.41691656601104,2.0277826777649226,105.44469924377597
E02000628,1,71.0,3.0,74.0,12565.0,0.5888665638917708,120.57060861252984,5.094532758275909,125.66514137080576
E02000629,1,30.0,1.0,31.0,10226.0,0.628381256752595,47.741716796323125,1.5913905598774374,49.333107356200564
E02000630,2,46.0,0.0,46.0,14232.0,0.6685296488100123,68.80771867318127,0.0,68.80771867318127
E02000631,3,91.0,5.0,96.0,28361.0,0.9377868665181945,97.03697423047079,5.331701880795099,102.3686761112659
E02000632,2,74.0,4.0,78.0,32047.0,0.4947775214608693,149.5621704508912,8.084441645994119,157.6466120968853
E02000633,1,23.0,0.0,23.0,7835.0,0.48513818179004886,47.409173021870316,0.0,47.409173021870316
E02000634,1,33.0,2.0,35.0,7869.0,0.6395347943599252,51.60000720997184,3.1272731642407177,54.72728037421256
E02000636,1,49.0,3.0,52.0,21251.0,0.8880567735752738,55.17665250469107,3.378162398246392,58.55481490293746
E02000637,1,34.0,0.0,34.0,12840.0,0.6306608752256954,53.9117001476148,0.0,53.9117001476148
E02000639,1,35.0,0.0,35.0,8048.0,0.5755623973009653,60.8100879489844,0.0,60.8100879489844
E02000642,2,51.0,0.0,51.0,14707.0,1.0941381587263312,46.61202937969761,0.0,46.61202937969761
E02000643,1,33.0,2.0,35.0,19591.0,0.6853848978123792,48.14812830765581,2.9180683822821702,51.06619668993798
E02000645,2,54.0,1.0,55.0,18923.0,1.1513980379293742,46.89950670500649,0.868509383426046,47.76801608843253
E02000646,4,117.0,15.0,132.0,43620.0,1.0548343321487528,110.91789149644464,14.220242499544185,125.13813399598882
E02000647,1,22.0,0.0,22.0,5676.0,1.0655793642621383,20.646045463947143,0.0,20.646045463947143
E02000648,1,104.0,5.0,109.0,15799.0,0.563428706530138,184.58413423852943,8.874237223006222,193.45837146153568
E02000651,1,68.0,3.0,71.0,12170.0,1.040467470621433,65.35523879414134,2.8833193585650596,68.2385581527064
E02000652,1,52.0,1.0,53.0,10578.0,0.7085718068223793,73.38705759857457,1.4112895692033571,74.79834716777792
E02000653,1,26.0,0.0,26.0,13141.0,0.773369411342603,33.61912123581778,0.0,33.61912123581778
E02000654,1,18.0,1.0,19.0,15772.0,0.9604910077123624,18.74041490807007,1.0411341615594483,19.781549069629516
E02000657,2,21.0,2.0,23.0,15871.0,0.6938128307210899,30.26752903686487,2.8826218130347496,33.15015084989962
E02000658,1,46.0,2.0,48.0,8787.0,0.8106528346618322,56.744389254111624,2.4671473588744184,59.211536612986045
E02000661,1,98.0,1.0,99.0,12096.0,1.3317425097038345,73.58779890700806,0.7508959072143679,74.33869481422242
E02000662,1,11.0,0.0,11.0,6622.0,0.8405979076889512,13.085923601977798,0.0,13.085923601977798
E02000663,1,222.0,8.0,230.0,51928.0,0.618528716389285,358.9162380300534,12.933918487569493,371.8501565176229
E02000665,1,44.0,3.0,47.0,13974.0,0.7519656675780305,58.51330971228707,3.9895438440195727,62.50285355630664
E02000668,1,23.0,3.0,26.0,7382.0,0.9433500394321671,24.38119365940181,3.1801556947045837,27.561349354106394
E02000669,1,25.0,3.0,28.0,11419.0,0.6744449601657226,37.06751696069769,4.448102035283722,41.51561899598141
E02000671,3,183.0,10.0,193.0,768.0,1.0565244595343048,173.209430551814,9.464996205017158,182.67442675683117
E02000672,1,83.0,5.0,88.0,20417.0,1.0784807364294453,76.96011360832489,4.636151422188246,81.59626503051314
E02000674,2,126.0,10.0,136.0,21754.0,0.8782062006929068,143.47427734008903,11.386847407943574,154.8611247480326
E02000676,1,39.0,0.0,39.0,9690.0,0.7131827882653902,54.684438045478025,0.0,54.684438045478025
E02000679,1,72.0,2.0,74.0,17557.0,0.8901039876635939,80.88942527826501,2.246928479951806,83.13635375821681
E02000681,1,57.0,1.0,58.0,14445.0,1.351632040813266,42.17124060310346,0.7398463263702362,42.9110869294737
E02000685,1,48.0,7.0,55.0,13007.0,0.9613047380041196,49.93213712818952,7.281769997860971,57.21390712605049
E02000689,1,7.0,0.0,7.0,5888.0,2.022618449053439,3.4608603532099274,0.0,3.4608603532099274
E02000690,1,148.0,1.0,149.0,13252.0,5.332144833190886,27.75618529315776,0.1875417925213362,27.943727085679097
E02000691,1,12.0,1.0,13.0,5416.0,0.8556003863983499,14.025239107843328,1.1687699256536106,15.19400903349694
E02000692,1,37.0,1.0,38.0,14887.0,1.0945444025838102,33.80401919982125,0.9136221405357094,34.717641340356955
E02000693,1,21.0,2.0,23.0,10680.0,1.0278436137739335,20.43112368319758,1.9458213031616742,22.376944986359256
E02000694,2,41.0,3.0,44.0,13854.0,0.8317302748800937,49.29482698692285,3.606938560018745,52.9017655469416
E02000697,1,62.0,1.0,63.0,10943.0,1.1076188701607748,55.975933301859044,0.9028376339009523,56.878770935759995
E02000698,1,118.0,4.0,122.0,18505.0,1.7079805539331856,69.08743763403294,2.341947038441795,71.42938467247474
E02000699,1,226.0,5.0,231.0,32458.0,0.9502650823184038,237.8283746348101,5.261689704309958,243.09006433912006
E02000700,1,101.0,3.0,104.0,8022.0,0.9116036271122326,110.79376715508101,3.2909039749033964,114.08467112998441
E02000701,1,34.0,2.0,36.0,11097.0,0.7988943059278223,42.55882129553167,2.5034600762077455,45.062281371739424
E02000705,1,75.0,7.0,82.0,9686.0,1.294291759193232,57.94674922967105,5.408363261435965,63.355112491107015
E02000706,2,126.0,6.0,132.0,15651.0,0.8083406434110869,155.87487902166745,7.422613286746069,163.29749230841352
E02000708,2,125.0,6.0,131.0,16390.0,1.6779978507644464,74.49353999056297,3.5756899195470226,78.06922991011
E02000784,1,111.0,2.0,113.0,9628.0,2.5796613941197837,43.02890303860005,0.7752955502450459,43.8041985888451
E02000786,1,54.0,2.0,56.0,13768.0,1.9711770153060069,27.394799949824396,1.0146222203638666,28.409422170188265
E02000788,2,222.0,5.0,227.0,28947.0,1.0676834749553297,207.92679216964387,4.6830358596766635,212.60982802932054
E02000790,1,25.0,2.0,27.0,7630.0,0.7475777857496237,33.44133610782934,2.675306888626347,36.11664299645569
E02000792,1,76.0,3.0,79.0,8667.0,1.1452846702454171,66.35904764508405,2.6194360912533172,68.97848373633735
E02000796,3,105.0,2.0,107.0,14694.0,1.7458435105323935,60.14284749266006,1.1455780474792392,61.2884255401393
E02000797,3,199.0,4.0,203.0,34257.0,0.9932234541632434,200.35773336388905,4.027291122892242,204.38502448678128
E02000798,1,12.0,0.0,12.0,3731.0,2.377270910164578,5.0478050056016714,0.0,5.0478050056016714
E02000799,1,30.0,2.0,32.0,8342.0,1.4718712430392131,20.38221763070396,1.3588145087135972,21.741032139417555
E02000801,1,22.0,1.0,23.0,5212.0,0.9101477777755452,24.171898824792272,1.0987226738541942,25.270621498646467
E02000802,1,53.0,4.0,57.0,8601.0,1.5176314001020719,34.92284094572329,2.635686109111192,37.55852705483448
E02000804,1,96.0,4.0,100.0,12551.0,3.705712549181403,25.90594891695162,1.0794145382063176,26.985363455157938
E02000805,1,112.0,4.0,116.0,8895.0,2.5311229685386385,44.24913423493762,1.5803262226763435,45.82946045761396
E02000806,2,192.0,2.0,194.0,18513.0,6.675020092510954,28.763958361026447,0.29962456626069217,29.06358292728714
E02000808,1,28.0,1.0,29.0,9548.0,1.0198088780876449,27.456124967754608,0.9805758917055216,28.436700859460128
E02000810,2,319.0,9.0,328.0,11316.0,0.684263852346671,466.1944349478568,13.152821048685615,479.3472559965424
E02000813,2,67.0,5.0,72.0,20966.0,0.8498142140233131,78.84076177403404,5.883638938360749,84.72440071239478
E02000815,1,25.0,0.0,25.0,16943.0,0.40127267817903023,62.3017747269753,0.0,62.3017747269753
E02000818,1,35.0,3.0,38.0,15941.0,0.5855032067645787,59.77764014890004,5.123797727048575,64.90143787594862
E02000821,4,81.0,6.0,87.0,28932.0,0.7589998970650907,106.71938206212108,7.905139412008969,114.62452147413006
E02000824,1,17.0,5.0,22.0,17226.0,1.1228615831511504,15.139889239323633,4.452908599801068,19.5927978391247
E02000825,2,46.0,7.0,53.0,20401.0,0.52145009333042,88.21553699646539,13.424103455983865,101.63964045244926
E02000826,3,60.0,2.0,62.0,20254.0,0.564473721107558,106.29369934577922,3.543123311525974,109.83682265730519
E02000827,1,27.0,2.0,29.0,9092.0,0.6764757308052877,39.91274005921655,2.9564992636456706,42.86923932286223
E02000828,2,62.0,3.0,65.0,22726.0,0.5965530386138383,103.9304068319966,5.028890653161126,108.95929748515773
E02000831,2,54.0,2.0,56.0,13264.0,0.6878939738925338,78.50046962097119,2.907424800776711,81.4078944217479
E02000832,1,45.0,4.0,49.0,9398.0,0.9641195649665534,46.67470885891742,4.148863009681548,50.82357186859897
E02000834,3,69.0,3.0,72.0,28668.0,1.243831307098793,55.47376047395114,2.411902629302223,57.88566310325336
E02000836,1,15.0,1.0,16.0,6742.0,0.7889878458593498,19.011699709597302,1.2674466473064867,20.279146356903787
E02000837,1,44.0,0.0,44.0,9176.0,2.366894979326028,18.589755939458275,0.0,18.589755939458275
E02000838,2,70.0,3.0,73.0,14996.0,1.0540170486823355,66.4125880008388,2.84625377146452,69.25884177230333
E02000839,1,71.0,7.0,78.0,19402.0,2.681446024606806,26.478250670889818,2.6105317562849115,29.08878242717473
E02000842,1,43.0,3.0,46.0,9196.0,1.6944955094815852,25.376284421760104,1.7704384480297746,27.146722869789876
E02000848,1,133.0,5.0,138.0,11919.0,1.0770641798308866,123.4838206399945,4.642248896240395,128.1260695362349
E02000849,1,25.0,0.0,25.0,4752.0,1.3164530725417851,18.990422462785116,0.0,18.990422462785116
E02000851,2,258.0,6.0,264.0,25027.0,1.0553626609681332,244.46572684628106,5.68524946154142,250.1509763078225
E02000854,1,22.0,0.0,22.0,5524.0,1.773914932481116,12.40194757773944,0.0,12.40194757773944
E02000855,1,214.0,12.0,226.0,13888.0,1.8087033687274205,118.31680290979251,6.634587079053786,124.9513899888463
E02000856,2,90.0,3.0,93.0,16706.0,1.2348961839093138,72.88062038955111,2.429354012985037,75.30997440253616
E02000857,3,214.0,7.0,221.0,36306.0,1.0027183241550242,213.41985565122152,6.981023315694162,220.40087896691568
E02000859,2,363.0,8.0,371.0,31660.0,1.672603015834398,217.02699120084577,4.782963993407069,221.80995519425284
E02000923,1,89.0,1.0,90.0,14503.0,1.1238330530075995,79.1932571851472,0.8898118784848,80.08306906363201
E02000926,2,155.0,5.0,160.0,26471.0,0.6815285727686604,227.42993645933836,7.3364495632044635,234.76638602254283
E02000927,1,60.0,0.0,60.0,15145.0,0.47919024541218225,125.21122993309297,0.0,125.21122993309297
E02000929,2,21.0,1.0,22.0,10755.0,0.23862298296679105,88.00493455788603,4.190711169423144,92.19564572730918
E02000930,2,47.0,1.0,48.0,18643.0,0.8400707808469647,55.947666639011416,1.190375885936413,57.13804252494783
E02000932,1,141.0,2.0,143.0,24203.0,1.3174098112283612,107.02819942454407,1.5181304882914053,108.54632991283547
E02000933,2,126.0,3.0,129.0,35578.0,1.1852562756792375,106.3061234818545,2.5310981781393926,108.83722165999389
E02000934,2,78.0,1.0,79.0,17636.0,0.946836158788509,82.37961687035924,1.056148934235375,83.43576580459462
E02000935,1,11.0,2.0,13.0,2931.0,1.2563435591295407,8.755566835254335,1.5919212427735154,10.347488078027851
E02000937,1,27.0,0.0,27.0,6583.0,1.344103012670991,20.087746062220194,0.0,20.087746062220194
E02000938,1,53.0,1.0,54.0,6535.0,1.7695502142932373,29.951113888660306,0.565115356389817,30.516229245050123
E02000939,2,98.0,2.0,100.0,13349.0,0.7570691467172594,129.44656432630953,2.6417666189042763,132.0883309452138
E02000940,3,139.0,8.0,147.0,40056.0,0.7310796863512511,190.1297527410941,10.942719582221244,201.07247232331534
E02000944,1,26.0,1.0,27.0,11135.0,0.4983860717589114,52.168392082548415,2.0064766185595544,54.17486870110797
E02000945,2,154.0,2.0,156.0,11174.0,2.382834958468775,64.62889905684504,0.839336351387598,65.46823540823264
E02000947,2,78.0,3.0,81.0,18795.0,0.8438381735661262,92.43478482416349,3.555184031698596,95.98996885586209
E02000949,1,48.0,0.0,48.0,10091.0,1.2844267229416273,37.37075781954237,0.0,37.37075781954237
E02000950,1,31.0,0.0,31.0,7598.0,0.820816645900793,37.767265265410785,0.0,37.767265265410785
E02000951,2,93.0,5.0,98.0,21668.0,0.39903930643370117,233.0597474999661,12.530093951611082,245.5898414515772
E02000952,2,63.0,2.0,65.0,15356.0,0.6416508521472761,98.18423803096549,3.1169599374909676,101.30119796845645
E02000953,1,45.0,3.0,48.0,15173.0,0.7410410097675134,60.725384164795194,4.04835894431968,64.77374310911487
E02000956,1,168.0,7.0,175.0,45052.0,0.795362438826787,211.2244579311682,8.801019080465341,220.0254770116335
E02000957,1,32.0,0.0,32.0,10172.0,0.7187370490754124,44.5225413677575,0.0,44.5225413677575
E02000959,2,102.0,5.0,107.0,14798.0,0.5895772585114925,173.0053161438413,8.480652752149084,181.4859688959904
E02006782,1,51.0,7.0,58.0,11895.0,2.444520997883569,20.862982991005218,2.863546685039932,23.72652967604515
E02006783,3,106.0,2.0,108.0,29189.0,1.0248785851717523,103.42688542198019,1.951450668339249,105.37833609031945
E02006785,1,67.0,0.0,67.0,11390.0,1.5406162615451084,43.48909048435244,0.0,43.48909048435244
E02006787,3,322.0,15.0,337.0,48418.0,1.4077238920353758,228.7380372115672,10.655498627868036,239.39353583943523
E02006798,3,80.0,5.0,85.0,29796.0,0.7648002845013077,104.6024715487187,6.5376544717949185,111.14012602051362
E02006801,1,31.0,1.0,32.0,15368.0,1.0358238869973708,29.92786745810843,0.9654150792938204,30.893282537402253
E02006802,1,230.0,12.0,242.0,75339.0,0.7414359646477843,310.20885277565463,16.184809710034155,326.3936624856888
E02006930,2,52.0,1.0,53.0,24280.0,0.7543922190661652,68.92966110436414,1.3255704058531566,70.2552315102173
E02006931,3,64.0,2.0,66.0,30732.0,2.0270058525043657,31.573663154908015,0.9866769735908755,32.560340128498886
E02006987,1,46.0,0.0,46.0,7543.0,0.7316597768103236,62.870751485803076,0.0,62.870751485803076
E02006988,1,141.0,8.0,149.0,8011.0,0.7586567064582078,185.85481259140136,10.544953905895111,196.39976649729647
E02006991,1,35.0,3.0,38.0,11627.0,0.4083783263538571,85.7048421557826,7.346129327638509,93.05097148342111
E02006993,1,347.0,16.0,363.0,13990.0,0.9187923701704976,377.66965776566934,17.41416289409426,395.0838206597636
E02006994,2,77.0,8.0,85.0,39931.0,1.4753001829467756,52.192767878737484,5.422625234154544,57.61539311289203
E02007009,1,28.0,3.0,31.0,6518.0,1.0675444954826732,26.22841494521523,2.810187315558775,29.038602260774006
